Country Name,Country Code,Year,Internet_Users_Pct,Continent,GDP_Per_Capita,Mobile_Subscriptions
Aruba,ABW,2000,15.4428,Americas,20681.0230269625,16.8993
Aruba,ABW,2001,17.1,Americas,20740.1325828172,58.69
Aruba,ABW,2002,18.8,Americas,21307.2482505267,67.6304
Aruba,ABW,2003,20.8,Americas,21949.4859960868,75.7794
Aruba,ABW,2004,23,Americas,23700.6319899197,105.553
Aruba,ABW,2005,25.4,Americas,24171.8371325422,109.75
Aruba,ABW,2006,28,Americas,24845.65848362,114.297
Aruba,ABW,2007,30.9,Americas,26736.3089444046,117.6
Aruba,ABW,2008,52,Americas,28171.9094008501,123.517
Aruba,ABW,2009,58,Americas,25134.7712303589,129.26
Aruba,ABW,2010,62,Americas,24093.1401510626,131.65
Aruba,ABW,2011,69,Americas,25712.3843015186,NA
Aruba,ABW,2012,74,Americas,25119.6655449838,132.661
Aruba,ABW,2013,78.9,Americas,25813.5714408438,135.338
Aruba,ABW,2014,83.78,Americas,26129.8390617693,135.142
Aruba,ABW,2015,88.6612,Americas,27458.2201537506,135.337
Aruba,ABW,2016,93.5425,Americas,27441.5502144601,NA
Aruba,ABW,2017,97.17,Americas,28440.0416881491,NA
Afghanistan,AFG,2001,0.00472257,Asia,138.706821676113,0
Afghanistan,AFG,2002,0.0045614,Asia,178.954088379235,0.116942
Afghanistan,AFG,2003,0.0878913,Asia,198.871115728727,0.879776
Afghanistan,AFG,2004,0.105809,Asia,221.763653873013,2.54662
Afghanistan,AFG,2005,1.22415,Asia,254.184249149336,4.91711
Afghanistan,AFG,2006,2.10712,Asia,274.218553561575,9.9133
Afghanistan,AFG,2007,1.9,Asia,376.223152003876,18.0167
Afghanistan,AFG,2008,1.84,Asia,381.73323802844,29.8268
Afghanistan,AFG,2009,3.55,Asia,452.053705477043,38.2289
Afghanistan,AFG,2010,4,Asia,560.621505463146,36.1187
Afghanistan,AFG,2011,5,Asia,606.694676337726,47.0152
Afghanistan,AFG,2012,5.45455,Asia,651.417134470046,50.1967
Afghanistan,AFG,2013,5.9,Asia,637.087099117099,53.149
Afghanistan,AFG,2014,7,Asia,625.054941813938,56.1322
Afghanistan,AFG,2015,8.26,Asia,565.569730408751,58.256
Afghanistan,AFG,2016,11,Asia,522.082215583898,62.2553
Afghanistan,AFG,2017,13.5,Asia,525.469770891619,67.0508
Afghanistan,AFG,2018,16.8,Asia,491.337221382603,59.8109
Afghanistan,AFG,2019,17.6,Asia,496.6025042585,59.6471
Afghanistan,AFG,2020,17.0485,Asia,510.787063366811,58.0461
Afghanistan,AFG,2021,16.5143,Asia,356.496214115892,56.6945
Afghanistan,AFG,2022,17.1917,Asia,357.261152798144,56.2655
Angola,AGO,2000,0.105046,Africa,563.733795571487,0.159347
Angola,AGO,2001,0.136014,Africa,533.586202412447,0.447836
Angola,AGO,2002,0.270377,Africa,999.065855913758,0.807955
Angola,AGO,2003,0.370682,Africa,1133.66331960607,1.95054
Angola,AGO,2004,0.464815,Africa,1451.47117872493,3.9784
Angola,AGO,2005,1.14337,Africa,2145.88621096327,8.35159
Angola,AGO,2006,1.5,Africa,2930.4442860732,15.2614
Angola,AGO,2007,1.7,Africa,3515.05678986535,23.8782
Angola,AGO,2008,1.9,Africa,4578.15526451517,31.3891
Angola,AGO,2009,2.3,Africa,3645.14846562976,36.1789
Angola,AGO,2010,2.8,Africa,4101.63715566712,40.3668
Angola,AGO,2011,4.7,Africa,5184.15269149912,49.8515
Angola,AGO,2012,7.7,Africa,5702.45306277434,50.7801
Angola,AGO,2013,13,Africa,5688.57916215215,50.7735
Angola,AGO,2014,21.3623,Africa,5649.68762469139,51.7384
Angola,AGO,2015,22,Africa,3641.72893919944,49.3097
Angola,AGO,2016,23.2,Africa,2051.81462126253,44.5502
Angola,AGO,2017,26,Africa,2790.71886869768,44.0682
Angola,AGO,2018,29,Africa,2860.0936483682,42.4589
Angola,AGO,2019,32.1294,Africa,2493.67884440177,45.8065
Angola,AGO,2020,36.6347,Africa,1759.35619918264,43.7804
Angola,AGO,2021,39.3876,Africa,2303.90812662776,44.3869
Angola,AGO,2022,42.0719,Africa,3682.1131513698,66.6008
Albania,ALB,2000,0.114097,Europe,1160.42047054038,0.940923
Albania,ALB,2001,0.325798,Europe,1326.41652388077,12.4732
Albania,ALB,2002,0.390081,Europe,1479.83884572006,27.153
Albania,ALB,2003,0.9719,Europe,1908.69900687608,35.278
Albania,ALB,2004,2.42039,Europe,2446.90949947798,40.6495
Albania,ALB,2005,6.04389,Europe,2741.72136549578,49.7453
Albania,ALB,2006,9.60999,Europe,3057.77257038113,62.6026
Albania,ALB,2007,15.0361,Europe,3743.05529896187,76.8284
Albania,ALB,2008,23.86,Europe,4498.50486763601,62.1342
Albania,ALB,2009,41.2,Europe,4213.65007574693,83.1929
Albania,ALB,2010,45,Europe,4149.14469936847,91.9299
Albania,ALB,2011,47,Europe,4465.70914328865,106.474
Albania,ALB,2012,49.4,Europe,4280.93316338873,120.275
Albania,ALB,2013,51.8,Europe,4542.92903556739,126.772
Albania,ALB,2014,54.3,Europe,4793.59751131525,115.701
Albania,ALB,2015,56.9,Europe,4199.53912925398,117.33
Albania,ALB,2016,59.6,Europe,4457.63412207495,116.284
Albania,ALB,2017,62.4,Europe,5006.36012951959,125.1
Albania,ALB,2018,65.4,Europe,5897.65452588774,93.8031
Albania,ALB,2019,68.5504,Europe,6069.43903131027,91.1635
Albania,ALB,2020,72.2377,Europe,6027.91350716348,91.1881
Albania,ALB,2021,79.3237,Europe,7242.45513146613,92.4843
Albania,ALB,2022,82.6137,Europe,7756.96188744253,98.395
Andorra,AND,2000,10.5388,Europe,21810.2503808666,35.8423
Andorra,AND,2002,11.2605,Europe,26528.1300628236,49.3038
Andorra,AND,2003,13.5464,Europe,34063.575598394,74.6812
Andorra,AND,2004,26.838,Europe,39021.1107100919,78.5281
Andorra,AND,2005,37.6058,Europe,40829.8116399538,83.3882
Andorra,AND,2006,48.9368,Europe,43467.1963063068,86.7048
Andorra,AND,2007,70.87,Europe,48336.2548304926,77.559
Andorra,AND,2008,70.04,Europe,49132.4925840057,76.8932
Andorra,AND,2009,78.53,Europe,43975.0000888133,76.9466
Andorra,AND,2010,81,Europe,42746.830391567,81.1526
Andorra,AND,2011,81,Europe,46657.1495384811,83.6224
Andorra,AND,2012,82.7,Europe,41500.5499988288,83.1208
Andorra,AND,2013,84.4,Europe,42470.3230369366,85.0214
Andorra,AND,2014,86.1,Europe,44369.6712976777,89.8341
Andorra,AND,2015,87.9,Europe,38654.95287916,98.8389
Andorra,AND,2016,89.7,Europe,40129.8385811474,105.474
Andorra,AND,2017,91.5675,Europe,40672.9717424447,108.912
Andorra,AND,2019,90.7187,Europe,41257.816459345,114.953
Andorra,AND,2020,93.2056,Europe,37361.1070081615,103.877
Andorra,AND,2021,93.8975,Europe,42425.7066454357,119.688
Andorra,AND,2022,94.4855,Europe,42414.0479861228,142.426
United Arab Emirates,ARE,2000,23.6253,Asia,29865.502347066,40.8783
United Arab Emirates,ARE,2001,26.2718,Asia,27745.1708087672,51.2759
United Arab Emirates,ARE,2002,28.3165,Asia,27753.6089526346,61.3641
United Arab Emirates,ARE,2003,29.478,Asia,29659.5428567811,70.8971
United Arab Emirates,ARE,2004,30.1313,Asia,33376.7152295209,83.1597
United Arab Emirates,ARE,2005,40,Asia,38719.3138307623,97.1993
United Arab Emirates,ARE,2006,52,Asia,44342.6048322482,110.185
United Arab Emirates,ARE,2007,61,Asia,45854.7325158162,137.458
United Arab Emirates,ARE,2008,63,Asia,50054.1700681803,148.473
United Arab Emirates,ARE,2009,64,Asia,37803.0663738777,159.114
United Arab Emirates,ARE,2010,68,Asia,44795.2949302268,157.473
United Arab Emirates,ARE,2011,78,Asia,51921.904511613,162.894
United Arab Emirates,ARE,2012,85,Asia,53141.6124340099,183.741
United Arab Emirates,ARE,2013,88,Asia,53247.2409495441,205.105
United Arab Emirates,ARE,2014,90.4,Asia,52725.2358407934,204.192
United Arab Emirates,ARE,2015,90.5,Asia,44910.334995523,206.839
United Arab Emirates,ARE,2016,90.6,Asia,42721.0999383185,220.412
United Arab Emirates,ARE,2017,94.8199,Asia,43733.6192287435,214.701
United Arab Emirates,ARE,2018,98.45,Asia,47135.3591943971,214.842
United Arab Emirates,ARE,2019,99.15,Asia,45938.6073581994,209.033
United Arab Emirates,ARE,2020,100,Asia,37991.7492971665,194.468
United Arab Emirates,ARE,2021,100,Asia,44118.5047192771,186.301
United Arab Emirates,ARE,2022,100,Asia,50759.7589231191,195.625
Argentina,ARG,2000,7.03868,Americas,7637.01489203628,17.4342
Argentina,ARG,2001,9.78081,Americas,7141.47507662826,17.9185
Argentina,ARG,2002,10.8821,Americas,2569.69963519124,17.2676
Argentina,ARG,2003,11.9137,Americas,3320.47775133903,20.4096
Argentina,ARG,2004,16.0367,Americas,4242.02099089422,34.8114
Argentina,ARG,2005,17.7206,Americas,5067.65342293276,56.4973
Argentina,ARG,2006,20.9272,Americas,5869.38028970204,79.5273
Argentina,ARG,2007,25.9466,Americas,7185.25155147027,100.962
Argentina,ARG,2008,28.1126,Americas,8944.1102657357,115.052
Argentina,ARG,2009,34,Americas,8150.23527028221,128.462
Argentina,ARG,2010,45,Americas,10260.1313108254,138.252
Argentina,ARG,2011,51,Americas,12704.2831819684,145.511
Argentina,ARG,2012,55.8,Americas,12949.717486654,152.574
Argentina,ARG,2013,59.9,Americas,12963.675773326,158.191
Argentina,ARG,2014,64.7,Americas,12233.1444119186,142.325
Argentina,ARG,2015,68.0431,Americas,13679.6264980954,142.241
Argentina,ARG,2016,70.969,Americas,12699.9623137756,145.147
Argentina,ARG,2017,74.2949,Americas,14532.5009308511,139.758
Argentina,ARG,2018,77.7,Americas,11752.7998922979,131.224
Argentina,ARG,2019,79.947,Americas,9955.97478680428,125.303
Argentina,ARG,2020,85.5144,Americas,8535.59938004389,121.181
Argentina,ARG,2021,87.1507,Americas,10738.0179223384,130.353
Argentina,ARG,2022,88.3754,Americas,13962.1894087223,131.484
Armenia,ARM,2000,1.30047,Asia,593.450581742282,0.55944
Armenia,ARM,2001,1.63109,Asia,659.588988535629,0.826884
Armenia,ARM,2002,1.96041,Asia,742.651118319819,2.335
Armenia,ARM,2003,4.57522,Asia,882.030167695474,3.76374
Armenia,ARM,2004,4.89901,Asia,1130.08791444158,6.72643
Armenia,ARM,2005,5.25298,Asia,1557.48458908655,10.5791
Armenia,ARM,2006,5.63179,Asia,2041.65267068997,42.1272
Armenia,ARM,2007,6.02125,Asia,2962.70234594569,63.0765
Armenia,ARM,2008,6.21,Asia,3777.66859313767,48.7164
Armenia,ARM,2009,15.3,Asia,2820.5926553347,74.4012
Armenia,ARM,2010,25,Asia,3041.34450723339,131.875
Armenia,ARM,2011,32,Asia,3349.55309771906,109.85
Armenia,ARM,2012,37.5,Asia,3511.56399687426,113.697
Armenia,ARM,2013,41.9,Asia,3680.16692158886,114.5
Armenia,ARM,2014,54.6228,Asia,3852.11800610384,118.365
Armenia,ARM,2015,59.1008,Asia,3512.39350276709,118.599
Armenia,ARM,2016,64.346,Asia,3524.42476874707,117.671
Armenia,ARM,2017,64.7449,Asia,3869.05373867752,119.676
Armenia,ARM,2018,68.2451,Asia,4196.00562301769,123
Armenia,ARM,2019,66.5439,Asia,4597.22887399548,124.614
Armenia,ARM,2020,76.5077,Asia,4268.68093304583,120.682
Armenia,ARM,2021,78.6123,Asia,4685.17997128509,125.395
Armenia,ARM,2022,77.0277,Asia,6571.97445545099,130.54
Antigua and Barbuda,ATG,2000,6.48223,Americas,12027.4949768222,29.3678
Antigua and Barbuda,ATG,2001,8.89929,Americas,11539.1825063308,32.8649
Antigua and Barbuda,ATG,2002,12.5,Americas,11658.6949915956,49.5963
Antigua and Barbuda,ATG,2003,17.2286,Americas,12173.2319860305,59.1906
Antigua and Barbuda,ATG,2004,24.2665,Americas,13037.8895772257,68.5984
Antigua and Barbuda,ATG,2005,27,Americas,14368.5708796058,108.025
Antigua and Barbuda,ATG,2006,30,Americas,16173.8136329968,136.689
Antigua and Barbuda,ATG,2007,34,Americas,18204.5124043068,137.547
Antigua and Barbuda,ATG,2008,38,Americas,18786.6743142216,164.743
Antigua and Barbuda,ATG,2009,42,Americas,16472.2478528568,160.295
Antigua and Barbuda,ATG,2010,47,Americas,15217.3950790922,196.871
Antigua and Barbuda,ATG,2011,52,Americas,14911.7275084471,203.873
Antigua and Barbuda,ATG,2012,58,Americas,15639.8078114787,145.979
Antigua and Barbuda,ATG,2013,63.4,Americas,15051.5113587425,129.858
Antigua and Barbuda,ATG,2014,67.78,Americas,15532.1062063584,135.235
Antigua and Barbuda,ATG,2015,70,Americas,16077.6340769406,196.848
Antigua and Barbuda,ATG,2016,70.9743,Americas,16556.8551801588,200.069
Antigua and Barbuda,ATG,2017,71.9621,Americas,16965.7288273816,203.387
Antigua and Barbuda,ATG,2018,72.9637,Americas,18273.4270684912,NA
Antigua and Barbuda,ATG,2019,73.9792,Americas,18896.3721832248,201.392
Antigua and Barbuda,ATG,2020,75.0089,Americas,15369.6082250401,200.335
Antigua and Barbuda,ATG,2021,76.0528,Americas,17348.6006987182,199.244
Antigua and Barbuda,ATG,2022,77.1648,Americas,20105.1989085164,200.541
Australia,AUS,2000,46.756100000000004,Oceania,21908.9968019784,44.7511
Australia,AUS,2001,52.6893,Oceania,19733.6510102645,57.4839
Australia,AUS,2005,63,Oceania,34535.20727091,90.7636
Australia,AUS,2006,66,Oceania,36658.8243476122,95.9663
Australia,AUS,2007,69.45,Oceania,41128.2476618402,101.458
Australia,AUS,2008,71.67,Oceania,49811.2067218988,103.507
Australia,AUS,2009,74.25,Oceania,42954.8494884573,101.914
Australia,AUS,2010,76,Oceania,52313.8939041213,101.619
Australia,AUS,2011,79.4877,Oceania,62799.3895017032,105.824
Australia,AUS,2012,79,Oceania,68301.4402512587,106.5
Australia,AUS,2013,83.4535,Oceania,68476.6788496118,107.332
Australia,AUS,2014,84,Oceania,62817.2061751737,106.206
Australia,AUS,2015,84.5605,Oceania,56970.3613028094,107.608
Australia,AUS,2016,86.54,Oceania,50084.4440606385,109.129
Australia,AUS,2017,86.545,Oceania,54117.547718609,107.8
Australia,AUS,2018,90,Oceania,57410.1737346009,110.033
Australia,AUS,2019,93.6099,Oceania,55194.7585097428,109.753
Australia,AUS,2020,94.6935,Oceania,51983.4523666382,104.93
Australia,AUS,2021,96.9722,Oceania,60758.9044397144,105.119
Australia,AUS,2022,97.0424,Oceania,65169.5191118657,109.469
Austria,AUT,2000,33.7301,Europe,24487.2974685956,76.3391
Austria,AUT,2001,39.1855,Europe,24430.495982841,81.3331
Austria,AUT,2002,36.56,Europe,26334.862215032,83.3495
Austria,AUT,2003,42.7,Europe,32110.1159661425,89.5526
Austria,AUT,2004,54.28,Europe,36614.2506533707,97.7795
Austria,AUT,2005,58,Europe,38157.37022862,105.296
Austria,AUT,2006,63.6,Europe,40382.2078298575,112.226
Austria,AUT,2007,69.37,Europe,46622.9622913635,119.466
Austria,AUT,2008,72.87,Europe,51581.3982361071,129.949
Austria,AUT,2009,73.45,Europe,47857.4446635266,137.015
Austria,AUT,2010,75.17,Europe,46611.1393420232,146.334
Austria,AUT,2011,78.74,Europe,51116.8953522042,155.155
Austria,AUT,2012,80.03,Europe,48250.4059142637,161.156
Austria,AUT,2013,80.6188,Europe,50305.3545774973,156.483
Austria,AUT,2014,80.9958,Europe,51314.9722616322,151.531
Austria,AUT,2015,83.9401,Europe,43915.228020857,155.837
Austria,AUT,2016,84.3237,Europe,45061.4993920192,126.798
Austria,AUT,2017,87.9356,Europe,47163.7425775142,123.415
Austria,AUT,2018,87.4791,Europe,51194.0749841299,124.23
Austria,AUT,2019,87.7522,Europe,49885.9947355204,120.776
Austria,AUT,2020,87.5294,Europe,48716.4098900349,120.132
Austria,AUT,2021,92.5292,Europe,53648.6437976214,121.358
Austria,AUT,2022,93.6141,Europe,52336.7725223758,121.166
Azerbaijan,AZE,2000,0.147758,Asia,655.097249579917,5.14264
Azerbaijan,AZE,2001,0.305565,Asia,703.670998584686,8.84659
Azerbaijan,AZE,2002,4.99971,Asia,763.108895463487,9.53864
Azerbaijan,AZE,2005,8.03038,Asia,1578.36733030667,26.0781
Azerbaijan,AZE,2006,11.9922,Asia,2472.95725732287,38.1512
Azerbaijan,AZE,2007,14.54,Asia,3851.33015175141,51.1876
Azerbaijan,AZE,2008,17.08,Asia,5574.46810432575,73.2222
Azerbaijan,AZE,2009,27.4,Asia,4950.39949009423,85.7487
Azerbaijan,AZE,2010,46,Asia,5843.5337683582,99.489
Azerbaijan,AZE,2011,50,Asia,7189.81869211976,109.334
Azerbaijan,AZE,2012,54.2,Asia,7495.86527658099,107.989
Azerbaijan,AZE,2013,73,Asia,7875.34536661549,106.583
Azerbaijan,AZE,2014,75,Asia,7890.84028062087,109.567
Azerbaijan,AZE,2015,77,Asia,5500.50364628486,109.682
Azerbaijan,AZE,2016,78.2,Asia,3880.6852276838,103.248
Azerbaijan,AZE,2017,79,Asia,4147.1981423222,101.59
Azerbaijan,AZE,2018,79.8,Asia,4739.7943123408,102.987
Azerbaijan,AZE,2019,81.1,Asia,4805.75371765917,106.328
Azerbaijan,AZE,2020,84.6,Asia,4229.91064904503,101.597
Azerbaijan,AZE,2021,86,Asia,5408.04535175023,105.694
Azerbaijan,AZE,2022,88,Asia,7770.594223351,107.506
Burundi,BDI,2000,0.0772484,Africa,134.537861752389,0.252234
Burundi,BDI,2001,0.106001,Africa,132.159554541932,0.50368
Burundi,BDI,2002,0.118228,Africa,120.952308575468,0.762002
Burundi,BDI,2003,0.201273,Africa,111.406682804391,0.908684
Burundi,BDI,2004,0.34906,Africa,125.194965184533,1.37553
Burundi,BDI,2005,0.542143,Africa,147.234619294225,2.01653
Burundi,BDI,2006,0.657593,Africa,161.892755640319,2.54273
Burundi,BDI,2007,0.7,Africa,166.162744906755,3.30806
Burundi,BDI,2008,0.81,Africa,189.502074570768,5.65018
Burundi,BDI,2009,0.9,Africa,198.431524048225,10.2904
Burundi,BDI,2010,1,Africa,216.727705301976,17.8962
Burundi,BDI,2011,1.11,Africa,230.069761381132,19.7015
Burundi,BDI,2012,1.22,Africa,231.098787811507,22.3128
Burundi,BDI,2013,1.26422,Africa,234.844770150871,24.3007
Burundi,BDI,2014,1.04239,Africa,250.544492155185,29.5678
Burundi,BDI,2015,2,Africa,254.402585226788,45.2379
Burundi,BDI,2016,2.2,Africa,232.937812100153,47.6697
Burundi,BDI,2017,2.66075,Africa,246.060725714184,51.4533
Burundi,BDI,2018,4,Africa,245.661678332009,53.2737
Burundi,BDI,2019,6.1,Africa,234.31061590725,53.2996
Burundi,BDI,2020,9.17302,Africa,255.8324539389,52.5571
Burundi,BDI,2021,10.9847,Africa,264.980379269655,59.7008
Burundi,BDI,2022,11.0009,Africa,302.992505263552,56.26
Belgium,BEL,2000,29.4317,Europe,23098.8865077401,54.9079
Belgium,BEL,2001,31.2884,Europe,23015.0712632462,74.8226
Belgium,BEL,2002,46.33,Europe,25006.191397109,78.407
Belgium,BEL,2003,49.97,Europe,30655.2092679024,82.9377
Belgium,BEL,2004,53.86,Europe,35429.4077933344,87.6255
Belgium,BEL,2005,55.82,Europe,36809.7013403619,91.6576
Belgium,BEL,2006,61.9819,Europe,38705.1067959147,93.3538
Belgium,BEL,2007,66.7604,Europe,44319.165448813,101.06
Belgium,BEL,2008,68.8573,Europe,48303.397956286,105.901
Belgium,BEL,2009,74.5441,Europe,44923.3400135081,108.9
Belgium,BEL,2010,77.6398,Europe,44197.393671162,111.132
Belgium,BEL,2011,81.61,Europe,47760.8298776546,113.202
Belgium,BEL,2012,80.72,Europe,44874.1709182123,110.856
Belgium,BEL,2013,82.1702,Europe,46964.5946777056,110.349
Belgium,BEL,2014,85.0012,Europe,47995.7786961339,113.6
Belgium,BEL,2015,85.0529,Europe,40893.804537772,113.292
Belgium,BEL,2016,86.5165,Europe,41854.5498296444,110.749
Belgium,BEL,2017,87.6797,Europe,44035.3239358548,99.8304
Belgium,BEL,2018,88.6473,Europe,47487.2100392561,100.164
Belgium,BEL,2019,90.2754,Europe,46716.6227467964,100.165
Belgium,BEL,2020,91.5264,Europe,45906.2875805246,99.9101
Belgium,BEL,2021,92.7887,Europe,51658.238294958,101.463
Belgium,BEL,2022,94.0078,Europe,50605.7496677086,101.68
Benin,BEN,2000,0.225248,Africa,487.424141384242,0.768193
Benin,BEN,2001,0.363418,Africa,492.401499509072,1.67884
Benin,BEN,2002,0.702946,Africa,546.46382965815906,2.85027
Benin,BEN,2003,0.951327,Africa,676.002878084282,2.98462
Benin,BEN,2004,1.18254,Africa,758.695803786371,5.62957
Benin,BEN,2005,1.27103,Africa,779.437777753268,7.07639
Benin,BEN,2006,1.53785,Africa,809.147072506221,12.1442
Benin,BEN,2007,1.79,Africa,912.338247188342,22.9147
Benin,BEN,2008,1.85,Africa,1060.60254502099,39.2846
Benin,BEN,2009,2.24,Africa,1024.10277858112,52.9301
Benin,BEN,2010,3.13,Africa,973.244254931526,72.2115
Benin,BEN,2011,4.14832,Africa,1059.41358852588,76.9318
Benin,BEN,2012,4.5,Africa,1071.5258366283,80.8629
Benin,BEN,2013,4.9,Africa,1168.92699279226,89.9019
Benin,BEN,2014,6,Africa,1204.39918670094,78.517
Benin,BEN,2015,11.255,Africa,1002.41886879614,82.0193
Benin,BEN,2016,14.5,Africa,1010.5338961993,76.0182
Benin,BEN,2017,18.7,Africa,1054.97408066814,72.8671
Benin,BEN,2018,19,Africa,1151.7409703472,76.408
Benin,BEN,2019,20.5,Africa,1130.82135339795,81.3235
Benin,BEN,2020,22.1206,Africa,1200.19426557789,85.2391
Benin,BEN,2021,28.2047,Africa,1318.65158075198,94.9183
Benin,BEN,2022,30.0134,Africa,1266.42711031904,105.745
Burkina Faso,BFA,2000,0.0770802,Africa,248.908526921752,0.211688
Burkina Faso,BFA,2001,0.157732,Africa,259.485223380436,0.61965
Burkina Faso,BFA,2002,0.200993,Africa,285.654087637533,0.875435
Burkina Faso,BFA,2003,0.37344,Africa,362.373899996953,1.81994
Burkina Faso,BFA,2004,0.400295,Africa,403.81283743461,2.93277
Burkina Faso,BFA,2005,0.469914,Africa,441.164148016012,4.54743
Burkina Faso,BFA,2006,0.632708,Africa,455.513655620024,7.07267
Burkina Faso,BFA,2007,0.75,Africa,514.684451177238,12.5405
Burkina Faso,BFA,2008,0.92,Africa,619.437533256264,19.82
Burkina Faso,BFA,2009,1.13,Africa,601.569520671859,24.3387
Burkina Faso,BFA,2010,2.4,Africa,624.957252224766,35.2848
Burkina Faso,BFA,2011,3,Africa,725.024767725475,46.1058
Burkina Faso,BFA,2012,3.72503,Africa,731.470138867833,58.0942
Burkina Faso,BFA,2013,5,Africa,759.762065168498,63.5243
Burkina Faso,BFA,2014,6,Africa,764.861675106225,68.5396
Burkina Faso,BFA,2015,6.55,Africa,630.124750752312,76.9373
Burkina Faso,BFA,2016,7.14,Africa,663.742364842886,79.6698
Burkina Faso,BFA,2017,7.79,Africa,709.091535894695,90.2081
Burkina Faso,BFA,2018,8.5,Africa,777.465618514048,94.622
Burkina Faso,BFA,2019,9.27181,Africa,764.853077774946,97.1499
Burkina Faso,BFA,2020,10.7927,Africa,825.237038782475,102.973
Burkina Faso,BFA,2021,12.5631,Africa,895.535288442991,112.198
Burkina Faso,BFA,2022,14.6238,Africa,827.330843486661,119.463
Bangladesh,BGD,2000,0.0710394,Asia,396.670730249751,0.207367
Bangladesh,BGD,2001,0.129808,Asia,394.65641001891,0.380101
Bangladesh,BGD,2002,0.13992,Asia,393.886422327628,0.773751
Bangladesh,BGD,2003,0.163878,Asia,426.74880754362,0.968289
Bangladesh,BGD,2004,0.199036,Asia,455.614016909798,1.94647
Bangladesh,BGD,2005,0.241637,Asia,480.08585075452,6.21909
Bangladesh,BGD,2006,1,Asia,490.388026533289,13.0671
Bangladesh,BGD,2007,1.8,Asia,537.955492792911,23.2247
Bangladesh,BGD,2008,2.5,Asia,613.06204104124,29.8647
Bangladesh,BGD,2009,3.1,Asia,679.211477428056,34.0413
Bangladesh,BGD,2010,3.7,Asia,757.385280361508,44.6275
Bangladesh,BGD,2011,4.5,Asia,837.336944695647,54.9307
Bangladesh,BGD,2012,5,Asia,859.680536375497,62.6684
Bangladesh,BGD,2013,6.63,Asia,958.262989798283,74.4595
Bangladesh,BGD,2014,11.9,Asia,1094.46199702838,80.3128
Bangladesh,BGD,2015,12.9,Asia,1224.38647668165,82.4276
Bangladesh,BGD,2016,18.1,Asia,1649.28380858601,84.5595
Bangladesh,BGD,2017,21.5,Asia,1811.08221668646,93.069
Bangladesh,BGD,2018,25.6,Asia,1965.24372731467,98.9289
Bangladesh,BGD,2019,30.4,Asia,2129.79896954606,100.4
Bangladesh,BGD,2020,36.1091,Asia,2248.85078828233,106.002
Bangladesh,BGD,2021,38.9174,Asia,2482.84917843357,110.012
Bangladesh,BGD,2022,41.6165,Asia,2716.48592780431,109.867
Bulgaria,BGR,2000,5.37092,Europe,1621.26210738992,9.2244
Bulgaria,BGR,2001,7.6123,Europe,1770.90704918691,19.5498
Bulgaria,BGR,2002,9.08,Europe,2092.98288625558,33.0395
Bulgaria,BGR,2003,12.04,Europe,2719.49436859287,44.8576
Bulgaria,BGR,2004,18.13,Europe,3389.68743360274,61.0333
Bulgaria,BGR,2005,19.97,Europe,3899.82596332878,81.1551
Bulgaria,BGR,2006,27.09,Europe,4523.1465578805,108.025
Bulgaria,BGR,2007,33.64,Europe,5888.57081403932,130.455
Bulgaria,BGR,2008,39.67,Europe,7271.30338858025,138.397
Bulgaria,BGR,2009,45,Europe,6988.27316296465,139.621
Bulgaria,BGR,2010,46.23,Europe,6853.94805511171,137.14
Bulgaria,BGR,2011,47.98,Europe,7849.58061302818,141.938
Bulgaria,BGR,2012,51.9,Europe,7431.95789508871,147.338
Bulgaria,BGR,2013,53.0615,Europe,7795.98092108928,144.355
Bulgaria,BGR,2014,55.4904,Europe,8069.60005667684,131.335
Bulgaria,BGR,2015,56.6563,Europe,7268.65445473873,128.103
Bulgaria,BGR,2016,59.8255,Europe,7822.49923292968,125.906
Bulgaria,BGR,2017,63.4101,Europe,8696.68930427924,120.596
Bulgaria,BGR,2018,64.782,Europe,9849.38397225174,119.395
Bulgaria,BGR,2019,67.947,Europe,10353.7204584127,116.617
Bulgaria,BGR,2020,70.1625,Europe,10760.211975413,114.597
Bulgaria,BGR,2021,75.2714,Europe,12966.1457543396,114.912
Bulgaria,BGR,2022,79.1269,Europe,13999.1949530956,116.679
Bahrain,BHR,2000,6.15373,Asia,14214.4836839343,30.7247
Bahrain,BHR,2001,15.0386,Asia,13573.2339887597,42.8008
Bahrain,BHR,2002,18.0507,Asia,13501.4708801425,51.7138
Bahrain,BHR,2003,21.5549,Asia,14486.0269029822,54.6188
Bahrain,BHR,2004,21.4587,Asia,15963.9493171617,74.5619
Bahrain,BHR,2005,21.3037,Asia,17966.1657837625,82.2539
Bahrain,BHR,2006,28.244,Asia,19267.282615072,91.2343
Bahrain,BHR,2007,32.91,Asia,20908.4042548073,105.539
Bahrain,BHR,2008,51.95,Asia,23299.4992780392,128.559
Bahrain,BHR,2009,53,Asia,19465.3140745038,118.449
Bahrain,BHR,2010,55,Asia,21819.3291098099,129.158
Bahrain,BHR,2011,77,Asia,25032.7867743333,140.351
Bahrain,BHR,2012,88,Asia,26438.6733230428,174.62
Bahrain,BHR,2013,90,Asia,26989.7601148469,175.802
Bahrain,BHR,2014,90.5031,Asia,26451.7965647453,177.4
Bahrain,BHR,2015,93.4783,Asia,23734.0551143019,183.92
Bahrain,BHR,2016,98,Asia,23800.001440631,209.489
Bahrain,BHR,2017,95.8781,Asia,24784.7693514607,159.547
Bahrain,BHR,2018,98.6447,Asia,26324.4066549559,139.735
Bahrain,BHR,2019,99.7015,Asia,27259.7438599327,129.143
Bahrain,BHR,2020,99.671,Asia,24342.8444554718,119.412
Bahrain,BHR,2021,100,Asia,27147.8083882286,128.079
Bahrain,BHR,2022,100,Asia,30470.5219276023,139.636
"Bahamas, The",BHS,2000,8,Americas,24940.0775086078,9.73459
"Bahamas, The",BHS,2001,11.8,Americas,25371.9237667614,18.4711
"Bahamas, The",BHS,2002,18,Americas,26781.6195938652,36.7171
"Bahamas, The",BHS,2003,20,Americas,26429.1247787663,36.4188
"Bahamas, The",BHS,2004,22,Americas,26650.2934234303,54.743
"Bahamas, The",BHS,2005,25,Americas,28602.4181869995,66.2329
"Bahamas, The",BHS,2006,26,Americas,29184.7865087908,72.6192
"Bahamas, The",BHS,2007,27,Americas,30051.8489587756,105.849
"Bahamas, The",BHS,2008,31.54,Americas,29392.3824416397,99.9805
"Bahamas, The",BHS,2009,33.88,Americas,27512.9130950084,98.898
"Bahamas, The",BHS,2010,43,Americas,27473.100430502,116.572
"Bahamas, The",BHS,2011,65,Americas,27090.8376801379,80.3784
"Bahamas, The",BHS,2012,71.7482,Americas,28552.0242683151,79.9001
"Bahamas, The",BHS,2013,72,Americas,27642.7419759179,75.735
"Bahamas, The",BHS,2014,76.92,Americas,29137.2175632622,82.3551
"Bahamas, The",BHS,2015,78,Americas,30719.405417469,80.7521
"Bahamas, The",BHS,2016,80,Americas,30616.5363157284,92.8219
"Bahamas, The",BHS,2017,80.6,Americas,31875.4881749619,90.5387
"Bahamas, The",BHS,2018,83,Americas,32642.3353203452,98.9789
"Bahamas, The",BHS,2019,90.6933,Americas,33640.3369861278,107.812
"Bahamas, The",BHS,2020,92.4437,Americas,26178.7537607708,117.717
"Bahamas, The",BHS,2021,94.3479,Americas,30367.8605757708,100.257
"Bahamas, The",BHS,2022,94.7326,Americas,34957.1613279737,101.624
Bosnia and Herzegovina,BIH,2000,1.08296,Europe,1338.48059636261,2.24498
Bosnia and Herzegovina,BIH,2001,1.20053,Europe,1387.89362942121,10.6404
Bosnia and Herzegovina,BIH,2002,2.64827,Europe,1606.5467454132,17.8792
Bosnia and Herzegovina,BIH,2003,3.96504,Europe,2033.94700935864,25.721800000000002
Bosnia and Herzegovina,BIH,2004,15.469,Europe,2452.6860917386,33.9881
Bosnia and Herzegovina,BIH,2005,21.3267,Europe,2739.61076866057,38.9203
Bosnia and Herzegovina,BIH,2006,25.1224,Europe,3166.12865344833,46.4606
Bosnia and Herzegovina,BIH,2007,27.92,Europe,3931.48948737505,61.0557
Bosnia and Herzegovina,BIH,2008,34.66,Europe,4841.69311934649,80.532
Bosnia and Herzegovina,BIH,2009,37.74,Europe,4539.91863774968,83.9539
Bosnia and Herzegovina,BIH,2010,42.75,Europe,4506.47828548389,81.6019
Bosnia and Herzegovina,BIH,2011,43.8877,Europe,4982.69375768263,84.7529
Bosnia and Herzegovina,BIH,2012,45.0645,Europe,4693.78899115381,91.4833
Bosnia and Herzegovina,BIH,2013,48.5213,Europe,5034.56634817068,96.6063
Bosnia and Herzegovina,BIH,2014,49.9177,Europe,5206.06573475132,97.9342
Bosnia and Herzegovina,BIH,2015,52.6,Europe,4662.25869219448,97.8678
Bosnia and Herzegovina,BIH,2016,60.2565,Europe,4928.5665903114,98.0144
Bosnia and Herzegovina,BIH,2017,64.892,Europe,5345.01978766473,100.333
Bosnia and Herzegovina,BIH,2018,70.1201,Europe,6047.84707207392,102.187
Bosnia and Herzegovina,BIH,2019,69.9463,Europe,6122.37541352353,112.255
Bosnia and Herzegovina,BIH,2020,73.2118,Europe,6130.31187968266,106.375
Bosnia and Herzegovina,BIH,2021,75.6762,Europe,7295.34378682258,114.912
Bosnia and Herzegovina,BIH,2022,78.8455,Europe,7655.59421024383,118.944
Belarus,BLR,2000,1.8604,Europe,1276.2880341,0.493959
Belarus,BLR,2001,4.30062,Europe,1244.37318523431,1.39191
Belarus,BLR,2002,8.95097,Europe,1479.38066337175,4.6856
Belarus,BLR,2006,16.2,Europe,3848.22350300163,62.0314
Belarus,BLR,2007,19.7,Europe,4735.48107556066,72.7795
Belarus,BLR,2008,23,Europe,6376.17569162063,85.2943
Belarus,BLR,2009,27.43,Europe,5352.48809190697,101.881
Belarus,BLR,2010,31.8,Europe,6034.67885177216,108.873
Belarus,BLR,2011,39.6489,Europe,6527.6593428786,112.902
Belarus,BLR,2012,46.91,Europe,6953.21591683101,112.822
Belarus,BLR,2013,54.17,Europe,7998.0802045456,117.434
Belarus,BLR,2014,59.0163,Europe,8341.31809294883,120.366
Belarus,BLR,2015,62.2304,Europe,5967.05595058777,120.67
Belarus,BLR,2016,71.113,Europe,5039.77560949445,120.432
Belarus,BLR,2017,74.4364,Europe,5785.54491935194,120.213
Belarus,BLR,2018,79.1299,Europe,6360.037502312,122.57
Belarus,BLR,2019,82.7892,Europe,6837.77339645635,123.23
Belarus,BLR,2020,85.0879,Europe,6542.85579976768,125.165
Belarus,BLR,2021,86.8884,Europe,7489.71894713888,127.117
Belarus,BLR,2022,89.5073,Europe,7994.64806074889,128.315
Belize,BLZ,2000,5.96384,Americas,4726.50675459616,6.98176
Belize,BLZ,2002,5.68425,Americas,4858.86062599362,20.2059
Belize,BLZ,2004,9.8,Americas,5153.71308265363,27.6052
Belize,BLZ,2005,17,Americas,5270.41479135312,34.3187
Belize,BLZ,2006,24,Americas,5524.78167834986,40.9896
Belize,BLZ,2007,24.6,Americas,5762.21023302938,39.9574
Belize,BLZ,2008,26.3,Americas,5711.81458859709,52.5797
Belize,BLZ,2009,27.2,Americas,5399.67100001919,51.7517
Belize,BLZ,2010,28.2,Americas,5461.40735999001,60.6414
Belize,BLZ,2011,30.7,Americas,5596.05222152289,67.9524
Belize,BLZ,2012,31,Americas,5732.66519942347,51.5597
Belize,BLZ,2013,33.6,Americas,5957.34953619006,51.1128
Belize,BLZ,2014,38.7,Americas,6128.12053089077,49.3805
Belize,BLZ,2015,41.59,Americas,6154.62264230369,59.4798
Belize,BLZ,2016,44.5757,Americas,6140.86713919469,61.1256
Belize,BLZ,2017,48.8771,Americas,6071.85451846453,64.1586
Belize,BLZ,2018,53.5936,Americas,6011.99036888587,64.7802
Belize,BLZ,2019,58.7652,Americas,6171.61449761423,66.0705
Belize,BLZ,2020,64.4359,Americas,5238.54078175696,67.5517
Belize,BLZ,2021,70.6537,Americas,6142.98930557031,66.7769
Belize,BLZ,2022,71.8096,Americas,7068.21728043145,67.175
Bermuda,BMU,2000,42.9499,Americas,56542.9569455727,21.121
Bermuda,BMU,2001,47.5097,Americas,59490.2452034202,21.5511
Bermuda,BMU,2002,52.0316,Americas,63358.5658652763,48.2765
Bermuda,BMU,2003,56.522,Americas,67106.8028083224,64.1169
Bermuda,BMU,2004,60.9909,Americas,71692.1589001679,78.3311
Bermuda,BMU,2005,65.4471,Americas,77628.103522508,84.0682
Bermuda,BMU,2006,69.8997,Americas,97781.4558996721,95.6489
Bermuda,BMU,2007,74.3506,Americas,107395.651483891,109.506
Bermuda,BMU,2008,82.3,Americas,110268.562401264,124.803
Bermuda,BMU,2009,83.25,Americas,104711.712420357,133.721
Bermuda,BMU,2010,84.21,Americas,104111.824244802,138.407
Bermuda,BMU,2011,88.336,Americas,99049.0169927667,NA
Bermuda,BMU,2012,91.2993,Americas,100213.493385287,142.978
Bermuda,BMU,2013,95.3,Americas,101704.40746217,148.331
Bermuda,BMU,2014,96.8,Americas,100961.576602811,93.6438
Bermuda,BMU,2015,98.3236,Americas,104855.366822135,59.8765
Bermuda,BMU,2016,98,Americas,108747.356144305,100.697
Bermuda,BMU,2017,98.37,Americas,112339.425587467,102.232
Bolivia,BOL,2000,1.44276,Americas,975.777060358751,6.76967
Bolivia,BOL,2001,2.12046,Americas,930.168227214313,8.91055
Bolivia,BOL,2002,3.11719,Americas,888.221328974352,11.4977
Bolivia,BOL,2003,3.5086,Americas,893.013760211149,14.1298
Bolivia,BOL,2004,4.43992,Americas,953.191893246277,19.5647
Bolivia,BOL,2005,5.22758,Americas,1020.12326200737,25.8676
Bolivia,BOL,2006,6.20067,Americas,1202.71150446327,30.2062
Bolivia,BOL,2007,10.4992,Americas,1354.54905949929,33.5993
Bolivia,BOL,2008,12.5,Americas,1692.67248455876,51.1488
Bolivia,BOL,2009,16.8,Americas,1731.18172112209,64.5389
Bolivia,BOL,2010,22.4,Americas,1929.78373077158,70.5073
Bolivia,BOL,2011,30,Americas,2315.52121930607,80.7163
Bolivia,BOL,2012,35.34,Americas,2575.59857098084,90.2756
Bolivia,BOL,2013,36.99,Americas,2870.02377000756,97.5951
Bolivia,BOL,2014,34.6016,Americas,3041.43503162408,96.3264
Bolivia,BOL,2015,37.4868,Americas,2996.01289811344,92.266
Bolivia,BOL,2016,39.6975,Americas,3035.87347732132,90.3953
Bolivia,BOL,2017,43.8323,Americas,4048.40119739839,96.6384
Bolivia,BOL,2018,44.2861,Americas,4206.8552936661,99.4566
Bolivia,BOL,2019,47.4748,Americas,4203.15492855788,100.149
Bolivia,BOL,2020,59.9401,Americas,3580.96761778303,99.8988
Bolivia,BOL,2021,65.9774,Americas,4010.76053686204,100.809
Bolivia,BOL,2022,67.3612,Americas,4219.46113742445,101.572
Brazil,BRA,2000,2.87069,Americas,3766.54786339835,13.3251
Brazil,BRA,2001,4.52849,Americas,3176.28975052524,16.3049
Brazil,BRA,2002,9.14943,Americas,2855.94017137049,19.5408
Brazil,BRA,2003,13.2076,Americas,3090.6068907839,25.6741
Brazil,BRA,2004,19.0737,Americas,3663.82262497811,35.9135
Brazil,BRA,2005,21.0227,Americas,4827.78165890291,46.6789
Brazil,BRA,2006,28.1784,Americas,5934.14561857454,53.5317
Brazil,BRA,2007,30.88,Americas,7409.69003822861,64.1626
Brazil,BRA,2008,33.83,Americas,8908.33338467948,79.132
Brazil,BRA,2009,39.22,Americas,8678.6584730653,88.1849
Brazil,BRA,2010,40.65,Americas,11403.2840038694,101.667
Brazil,BRA,2011,45.69,Americas,13396.6263158041,120.008
Brazil,BRA,2012,48.56,Americas,12521.7238454434,126.132
Brazil,BRA,2013,51.04,Americas,12458.8903396625,136.589
Brazil,BRA,2014,54.551,Americas,12274.9941630213,140.305
Brazil,BRA,2015,58.328,Americas,8936.1955889444,127.836
Brazil,BRA,2016,60.8725,Americas,8836.28546025694,120.101
Brazil,BRA,2017,67.4713,Americas,10080.5078722821,108.093
Brazil,BRA,2018,70.4343,Americas,9300.66072904004,101.602
Brazil,BRA,2019,73.9124,Americas,9029.83304401079,97.3747
Brazil,BRA,2020,81.3427,Americas,7074.19407495707,98.6456
Brazil,BRA,2021,80.6899,Americas,7972.53696080695,104.825
Brazil,BRA,2022,80.5278,Americas,9281.33282136864,101.245
Barbados,BRB,2000,3.97368,Americas,11674.6736471764,10.8627
Barbados,BRB,2001,11.9365,Americas,11639.5160522054,20.2385
Barbados,BRB,2002,27.8363,Americas,11760.4524736133,36.7949
Barbados,BRB,2003,39.6896,Americas,12075.9587020649,52.6759
Barbados,BRB,2004,49.8,Americas,12886.3665272467,74.8745
Barbados,BRB,2005,52.5,Americas,14214.4202213572,76.7344
Barbados,BRB,2006,55.3,Americas,15619.6005955511,87.8212
Barbados,BRB,2007,58.2,Americas,17235.4396434785,94.953
Barbados,BRB,2008,61.4,Americas,17565.6929970592,105.848
Barbados,BRB,2009,64.7,Americas,16294.9099491834,122.96
Barbados,BRB,2010,65.1,Americas,20610.5150721363,127.183
Barbados,BRB,2011,66.5,Americas,20508.1498810382,125.993
Barbados,BRB,2012,71.2,Americas,20804.1150004694,126.128
Barbados,BRB,2013,71.8,Americas,20410.2065438568,110.82
Barbados,BRB,2014,71.9,Americas,20192.7084081797,109.739
Barbados,BRB,2015,72,Americas,20424.2087530019,120.001
Barbados,BRB,2016,72.2,Americas,20295.5672072046,118.816
Barbados,BRB,2017,72.3,Americas,20284.5762052461,117.63
Barbados,BRB,2018,72.4,Americas,21381.2426303209,117.319
Barbados,BRB,2019,74.1791,Americas,21912.1501242857,117.112
Barbados,BRB,2020,76.002,Americas,19194.4919736739,104.722
Barbados,BRB,2021,77.8697,Americas,21079.6145271791,112.223
Barbados,BRB,2022,79.4451,Americas,24387.0387293761,114.581
Brunei Darussalam,BRN,2000,8.99628,Asia,20130.2572346624,29.1033
Brunei Darussalam,BRN,2001,12.9178,Asia,18287.8272281914,42.8997
Brunei Darussalam,BRN,2002,15.3299,Asia,18621.2922577525,45.1771
Brunei Darussalam,BRN,2003,19.595,Asia,20677.9001143188,51.1674
Brunei Darussalam,BRN,2004,29.7156,Asia,24423.0946995548,57.3669
Brunei Darussalam,BRN,2005,36.4664,Asia,29386.2703822862,64.8898
Brunei Darussalam,BRN,2006,42.1863,Asia,34674.7995236452,82.6517
Brunei Darussalam,BRN,2007,44.68,Asia,36217.3290706015,98.7233
Brunei Darussalam,BRN,2008,46,Asia,42156.5685838672,105.576
Brunei Darussalam,BRN,2009,49,Asia,30946.4673773828,107.255
Brunei Darussalam,BRN,2010,53,Asia,34937.5555357155,110.902
Brunei Darussalam,BRN,2011,56,Asia,46382.8274255349,110.96
Brunei Darussalam,BRN,2012,60.2731,Asia,46968.5971164922,115.826
Brunei Darussalam,BRN,2013,64.5,Asia,44003.0644273461,114.011
Brunei Darussalam,BRN,2014,68.77,Asia,41026.5084247957,108.471
Brunei Darussalam,BRN,2015,71.2,Asia,30625.1287744656,109.751
Brunei Darussalam,BRN,2016,90,Asia,26663.2972950602,122.427
Brunei Darussalam,BRN,2017,94.8667,Asia,28024.3824580252,125.87
Brunei Darussalam,BRN,2018,95,Asia,30988.1190267227,129.268
Brunei Darussalam,BRN,2019,95,Asia,30426.5730656528,129.845
Brunei Darussalam,BRN,2020,96.3055,Asia,26834.3592233943,119.934
Brunei Darussalam,BRN,2021,97.6288,Asia,31006.9636289785,133.597
Brunei Darussalam,BRN,2022,98.9704,Asia,36632.9280952155,116.108
Bhutan,BTN,2000,0.400944,Asia,771.924911410619,0
Bhutan,BTN,2001,0.864629,Asia,812.238210772056,0
Bhutan,BTN,2002,1.6758,Asia,895.799489930972,0
Bhutan,BTN,2003,2.43691,Asia,1022.38240311018,0.353635
Bhutan,BTN,2004,3.15698,Asia,1130.35934606796,2.94185
Bhutan,BTN,2005,3.84711,Asia,1299.94938578359,5.43918
Bhutan,BTN,2006,4.51832,Asia,1405.6071618158,12.235900000000001
Bhutan,BTN,2007,5.92,Asia,1850.41570433398,22.0203
Bhutan,BTN,2008,6.55,Asia,1919.59774896395,36.9241
Bhutan,BTN,2009,7.17,Asia,1918.39599211093,48.8392
Bhutan,BTN,2010,13.6,Asia,2435.5798056672,56.1998
Bhutan,BTN,2011,14.4,Asia,2787.97967608562,68.2555
Bhutan,BTN,2012,15.6,Asia,2751.2128864294,78.1969
Bhutan,BTN,2013,22.4,Asia,2679.95217201538,75.0527
Bhutan,BTN,2014,30.3,Asia,2849.49998647303,85.1866
Bhutan,BTN,2015,39.8,Asia,2954.04081911097,91.241
Bhutan,BTN,2016,46.5,Asia,3152.30905106786,93.3821
Bhutan,BTN,2017,54.3,Asia,3435.28804735662,96.8566
Bhutan,BTN,2018,63.5,Asia,3400.20417245342,92.6023
Bhutan,BTN,2019,74.1794,Asia,3576.87987100503,95.3473
Bhutan,BTN,2020,76.8508,Asia,3191.66906999331,96.7703
Bhutan,BTN,2021,85.6369,Asia,3570.61257980872,100.331
Bhutan,BTN,2022,86.2903,Asia,3711.32767981591,95.1298
Botswana,BWA,2000,2.90267,Africa,3450.81180622992,13.2462
Botswana,BWA,2001,3.43089,Africa,3206.07123689853,19.4051
Botswana,BWA,2002,3.38592,Africa,3117.25087183011,19.0435
Botswana,BWA,2003,3.34519,Africa,4230.12326909926,25.0588
Botswana,BWA,2004,3.30489,Africa,4956.69287735214,28.9318
Botswana,BWA,2005,3.26255,Africa,5391.07076619634,30.6424
Botswana,BWA,2006,4.28993,Africa,5291.58379144849,43.9084
Botswana,BWA,2007,5.28,Africa,5529.12574632532,60.2637
Botswana,BWA,2008,6.25,Africa,5503.07395314313,76.1956
Botswana,BWA,2009,6.15,Africa,5082.93388332404,94.1441
Botswana,BWA,2010,6,Africa,6215.73216077919,116.246
Botswana,BWA,2011,9,Africa,7287.38295334919,139.87
Botswana,BWA,2012,16,Africa,6595.53845015424,146.149
Botswana,BWA,2013,30,Africa,6666.91219583487,151.671
Botswana,BWA,2014,36.7447,Africa,7122.36423421503,157.018
Botswana,BWA,2015,37.3121,Africa,6141.20394726616,157.735
Botswana,BWA,2016,42.2576,Africa,6749.05994339013,147.173
Botswana,BWA,2017,47.8587,Africa,7104.96401088027,142.962
Botswana,BWA,2018,54.2022,Africa,7407.95940141786,147.065
Botswana,BWA,2019,61.3865,Africa,7172.08956480028,160.662
Botswana,BWA,2020,69.523,Africa,6323.2974967659,161.859
Botswana,BWA,2021,78.738,Africa,7807.88794570471,173.252
Botswana,BWA,2022,80.3696,Africa,8328.7090572666,178.205
Central African Republic,CAF,2000,0.0533942,Africa,239.154133726071,0.129571
Central African Republic,CAF,2001,0.0785434,Africa,237.951702544735,0.280649
Central African Republic,CAF,2002,0.128537,Africa,248.639290978403,0.314522
Central African Republic,CAF,2003,0.151563,Africa,278.403992150941,0.974876
Central African Republic,CAF,2004,0.223401,Africa,303.461321152782,1.43102
Central African Republic,CAF,2005,0.268196,Africa,311.950023138687,2.33165
Central African Republic,CAF,2006,0.311159,Africa,333.942519903031,2.5128
Central African Republic,CAF,2007,0.375816,Africa,380.887048839475,7.61859
Central African Republic,CAF,2008,1,Africa,437.24827472489,12.5028
Central African Republic,CAF,2009,1.8,Africa,456.471673898404,19.0689
Central African Republic,CAF,2010,2,Africa,476.873786950728,21.7946
Central African Republic,CAF,2011,2.2,Africa,534.057281471636,21.7402
Central African Republic,CAF,2012,2.4,Africa,544.395849142785,24.7918
Central African Republic,CAF,2013,2.5,Africa,364.36696260838,29.3015
Central African Republic,CAF,2014,2.7,Africa,409.8504859647,24.9962
Central African Republic,CAF,2015,2.9,Africa,366.322853938121,26.8397
Central African Republic,CAF,2016,3.1,Africa,387.176203444318,26.4836
Central African Republic,CAF,2017,4,Africa,432.324025684263,24.5204
Central African Republic,CAF,2018,5.1,Africa,455.243962859534,26.2216
Central African Republic,CAF,2019,7.50916,Africa,449.228467602439,32.2627
Canada,CAN,2000,51.3,Americas,24271.0020563821,28.2502
Canada,CAN,2001,60.2,Americas,23822.096210932,34.1166
Canada,CAN,2002,61.5933,Americas,24256.0192337185,37.6464
Canada,CAN,2003,64.2,Americas,28301.8645937428,41.7477
Canada,CAN,2004,65.956,Americas,32145.5412620217,46.7437
Canada,CAN,2005,71.66,Americas,36383.6600068095,52.4553
Canada,CAN,2006,72.4,Americas,40504.0370977806,57.2331
Canada,CAN,2007,73.2,Americas,44660.0838892281,61.2755
Canada,CAN,2008,76.7,Americas,46710.2526864484,66.0481
Canada,CAN,2009,80.3,Americas,40874.8831932903,70.3945
Canada,CAN,2010,80.3,Americas,47560.6666009406,75.5197
Canada,CAN,2011,83,Americas,52223.8588398531,77.6723
Canada,CAN,2012,83,Americas,52670.3447335415,79.3757
Canada,CAN,2013,85.8,Americas,52638.1187235237,80.3549
Canada,CAN,2014,87.12,Americas,50960.8431174661,80.7902
Canada,CAN,2015,90,Americas,43594.1941045394,82.7674
Canada,CAN,2016,91.16,Americas,42314.0615817218,84.5919
Canada,CAN,2017,92.7014,Americas,45129.628116623,86.1024
Canada,CAN,2018,94.64,Americas,46539.1761570405,89.0495
Canada,CAN,2019,91.9129,Americas,46352.8693445211,90.9589
Canada,CAN,2020,92.3,Americas,43537.839298904,84.7748
Canada,CAN,2021,93.9371,Americas,52886.6616372703,87.4056
Canada,CAN,2022,94,Americas,56256.8007264015,91.2387
Switzerland,CHE,2000,47.1,Europe,38865.021939688,64.5673
Switzerland,CHE,2001,55.1,Europe,39638.7911061864,73.0073
Switzerland,CHE,2002,61.4,Europe,42458.7384679187,78.8089
Switzerland,CHE,2003,65.1,Europe,49335.7456291067,84.3941
Switzerland,CHE,2004,67.8,Europe,54659.4571488233,84.9756
Switzerland,CHE,2005,70.1,Europe,56242.8933645639,91.959
Switzerland,CHE,2006,75.7,Europe,59011.0324592016,99.4337
Switzerland,CHE,2007,77.2,Europe,64989.1553256031,108.793
Switzerland,CHE,2008,79.2,Europe,74175.1927898555,116.423
Switzerland,CHE,2009,81.3,Europe,71568.3123885672,120.483
Switzerland,CHE,2010,83.9,Europe,76531.3729407691,123.236
Switzerland,CHE,2011,85.193,Europe,90476.7589651577,127.397
Switzerland,CHE,2012,85.2,Europe,85836.2076767359,132.031
Switzerland,CHE,2013,86.34,Europe,87304.3305813557,136.551
Switzerland,CHE,2014,83.6173,Europe,88724.9909402638,136.138
Switzerland,CHE,2015,87.4791,Europe,83806.4476003837,135.723
Switzerland,CHE,2016,89.1347,Europe,82153.0745447889,134.236
Switzerland,CHE,2017,89.6861,Europe,82254.3769269767,131.17
Switzerland,CHE,2018,91.8,Europe,85217.3691512274,126.681
Switzerland,CHE,2019,93.1461,Europe,84121.9310304414,126.921
Switzerland,CHE,2020,94.3499,Europe,85897.7843338323,127.376
Switzerland,CHE,2021,95.5694,Europe,93664.7736696111,123.212
Switzerland,CHE,2022,96.4528,Europe,94394.5106803525,123.971
Chile,CHL,2000,16.6,Americas,5052.99245766325,21.9402
Chile,CHL,2001,19.1,Americas,4563.5952986689,32.5225
Chile,CHL,2002,22.1,Americas,4430.84741157984,39.3766
Chile,CHL,2003,25.4738,Americas,4773.40177520754,45.3566
Chile,CHL,2004,28.1779,Americas,6120.59152055344,57.2138
Chile,CHL,2005,31.1753,Americas,7480.32330998636,64.6505
Chile,CHL,2006,34.4978,Americas,9318.65655296121,75.4174
Chile,CHL,2007,35.9,Americas,10346.4138184533,83.7065
Chile,CHL,2008,37.3,Americas,10683.2188772511,87.871
Chile,CHL,2009,41.56,Americas,10098.8017167286,96.7107
Chile,CHL,2010,45,Americas,12632.8704724192,115.545
Chile,CHL,2011,52.2496,Americas,14487.3927832032,128.605
Chile,CHL,2012,55.05,Americas,15241.9069981119,136.656
Chile,CHL,2013,58,Americas,15683.5486369155,133.778
Chile,CHL,2014,61.11,Americas,14529.6767206336,132.56
Chile,CHL,2015,76.6296,Americas,13433.9202987032,128.584
Chile,CHL,2016,83.5586,Americas,13649.8520452803,127.565
Chile,CHL,2017,82.3275,Americas,14879.9086227187,124.001
Chile,CHL,2018,84.9,Americas,15659.4808675628,133.27
Chile,CHL,2019,85.0176,Americas,14495.716721687,130.493
Chile,CHL,2020,87.4593,Americas,13114.815470545,129.414
Chile,CHL,2021,90.2328,Americas,16206.8325493421,136.572
Chile,CHL,2022,93.5377,Americas,15405.6165774073,135.114
China,CHN,2000,1.77591,Asia,969.199513696287,6.7156
China,CHN,2001,2.63965,Asia,1065.40597574519,11.3253
China,CHN,2002,4.5957,Asia,1163.55957673426,16.0083
China,CHN,2003,6.2,Asia,1306.97245408557,20.8536
China,CHN,2004,7.3,Asia,1530.92726215723,25.7141
China,CHN,2005,8.52326,Asia,1777.64496828464,30.0304
China,CHN,2006,10.5232,Asia,2129.25696999613,34.9802
China,CHN,2007,16,Asia,2734.72709877693,41.2808
China,CHN,2008,22.6,Asia,3523.44302065213,48.0758
China,CHN,2009,28.9,Asia,3898.24459158811,55.6575
China,CHN,2010,34.3,Asia,4629.24551710077,63.5563
China,CHN,2011,38.3,Asia,5703.76027973346,72.5052
China,CHN,2012,42.3001,Asia,6405.0574241349,81.2076
China,CHN,2013,45.8,Asia,7147.03518622344,89.1302
China,CHN,2014,47.9,Asia,7781.06597484974,92.6612
China,CHN,2015,50.3,Asia,8175.33285077393,92.5401
China,CHN,2016,53.2,Asia,8254.86859320357,97.2139
China,CHN,2017,54.3,Asia,8979.67652709856,104.073
China,CHN,2018,59.2,Asia,10085.6638148819,116.229
China,CHN,2019,64.0809,Asia,10342.9009524335,122.67
China,CHN,2020,70.0528,Asia,10627.4637989619,120.497
China,CHN,2021,73.0532,Asia,12887.4357242941,121.492
China,CHN,2022,75.6113,Asia,12970.6056414327,124.195
Cote d'Ivoire,CIV,2000,0.231462,Africa,936.636541348798,2.6722
Cote d'Ivoire,CIV,2001,0.395748,Africa,924.727294962066,4.00764
Cote d'Ivoire,CIV,2002,0.497929,Africa,967.815864415991,5.5056
Cote d'Ivoire,CIV,2003,0.75867,Africa,1111.17135087887,6.69626
Cote d'Ivoire,CIV,2004,0.849282,Africa,1199.82524528546,8.54469
Cote d'Ivoire,CIV,2005,1.03924,Africa,1197.74616979415,11.7071
Cote d'Ivoire,CIV,2006,1.5249,Africa,1230.43056838584,19.7861
Cote d'Ivoire,CIV,2007,1.8,Africa,1367.53817722326,35.5088
Cote d'Ivoire,CIV,2008,1.9,Africa,1583.97066701372,48.5676
Cote d'Ivoire,CIV,2009,2,Africa,1540.45393569596,59.9343
Cote d'Ivoire,CIV,2010,2.7,Africa,1553.54887048143,69.3659
Cote d'Ivoire,CIV,2011,2.9,Africa,1596.62826565998,75.4688
Cote d'Ivoire,CIV,2012,4.4,Africa,1546.9460184731,77.1273
Cote d'Ivoire,CIV,2013,6.6,Africa,1786.15862031324,80.9987
Cote d'Ivoire,CIV,2014,10,Africa,1991.36539423404,90.122
Cote d'Ivoire,CIV,2015,38.44,Africa,1814.71855088017,100.639
Cote d'Ivoire,CIV,2016,41.2078,Africa,1862.59597081287,105.625
Cote d'Ivoire,CIV,2017,43.8399,Africa,1964.29930338343,118.755
Cote d'Ivoire,CIV,2018,37.5465,Africa,2130.86619381144,123.098
Cote d'Ivoire,CIV,2019,36.289,Africa,2141.76836170115,132.574
Cote d'Ivoire,CIV,2020,36.0166,Africa,2179.72934832935,138.664
Cote d'Ivoire,CIV,2021,35.9507,Africa,2455.98127641148,150.344
Cote d'Ivoire,CIV,2022,38.4133,Africa,2333.37128301259,161.232
Cameroon,CMR,2000,0.25212,Africa,708.565731625965,0.692561
Cameroon,CMR,2001,0.277051,Africa,715.470296470585,2.72573
Cameroon,CMR,2002,0.360872,Africa,789.623811072554,4.46094
Cameroon,CMR,2003,0.587623,Africa,988.241276791846,6.66446
Cameroon,CMR,2004,0.976075,Africa,1133.39326749673,9.21627
Cameroon,CMR,2005,1.40265,Africa,1142.62466252106,13.1922
Cameroon,CMR,2006,2.02874,Africa,1191.45458990968,17.8682
Cameroon,CMR,2007,2.93,Africa,1325.67248215933,25.1303
Cameroon,CMR,2008,3.4,Africa,1492.14269801453,33.1693
Cameroon,CMR,2009,3.84,Africa,1461.38999232337,41.8758
Cameroon,CMR,2010,4.3,Africa,1398.58702025047,43.9121
Cameroon,CMR,2011,5,Africa,1513.96056994878,51.831
Cameroon,CMR,2012,7.5,Africa,1449.09874362279,62.9907
Cameroon,CMR,2013,10,Africa,1575.92882118897,73.1912
Cameroon,CMR,2014,16.2149,Africa,1649.4433905949,77.24
Cameroon,CMR,2015,18.3,Africa,1415.00009710569,79.7801
Cameroon,CMR,2016,20.6,Africa,1441.7201725688,79.8046
Cameroon,CMR,2017,23.203,Africa,1496.08951771242,83.4503
Cameroon,CMR,2018,29.7,Africa,1610.69641591017,74.3995
Cameroon,CMR,2019,36.5392,Africa,1555.22660476477,83.9044
Cameroon,CMR,2020,41.2264,Africa,1555.60370660749,85.2722
Cameroon,CMR,2021,42.0405,Africa,1672.32657340872,80.8081
Cameroon,CMR,2022,41.775,Africa,1604.87726954895,89.8274
"Congo, Dem. Rep.",COD,2000,0.00590211,Africa,377.925421481395,0.0296986
"Congo, Dem. Rep.",COD,2001,0.0114758,Africa,142.678142604412,0.287728
"Congo, Dem. Rep.",COD,2002,0.0927907,Africa,162.38052907429,1.04185
"Congo, Dem. Rep.",COD,2003,0.134915,Africa,161.491553524396,2.25179
"Congo, Dem. Rep.",COD,2004,0.196208,Africa,180.664764963633,3.49263
"Congo, Dem. Rep.",COD,2005,0.238038,Africa,214.539740473519,4.67216
"Congo, Dem. Rep.",COD,2006,0.296054,Africa,255.445229568751,7.28434
"Congo, Dem. Rep.",COD,2007,0.37,Africa,294.101615124419,10.551
"Congo, Dem. Rep.",COD,2008,0.44,Africa,352.900363371995,15.4333
"Congo, Dem. Rep.",COD,2009,0.56,Africa,280.178991035792,14.2422
"Congo, Dem. Rep.",COD,2010,0.72,Africa,352.400398754692,17.2401
"Congo, Dem. Rep.",COD,2011,1.2,Africa,372.514273875789,22.0819
"Congo, Dem. Rep.",COD,2012,1.67996,Africa,409.931424783784,27.4285
"Congo, Dem. Rep.",COD,2013,2.2,Africa,460.370334930107,37.2505
"Congo, Dem. Rep.",COD,2014,3,Africa,489.175952097319,47.3232
"Congo, Dem. Rep.",COD,2015,3.8,Africa,495.826633014883,46.5879
"Congo, Dem. Rep.",COD,2016,10.1,Africa,459.765036590388,34.4099
"Congo, Dem. Rep.",COD,2017,8.6199,Africa,431.052559128788,40.6223
"Congo, Dem. Rep.",COD,2018,11.7,Africa,518.169626875371,40.5014
"Congo, Dem. Rep.",COD,2019,16.4812,Africa,504.00419142286,39.94
"Congo, Dem. Rep.",COD,2020,21.6422,Africa,486.425572682256,42.5028
"Congo, Dem. Rep.",COD,2021,28.4193,Africa,595.743074403567,47.2883
"Congo, Dem. Rep.",COD,2022,29.4996,Africa,687.738587554685,48.6774
"Congo, Rep.",COG,2000,0.026354699999999998,Africa,1024.30159109181,2.22127
"Congo, Rep.",COG,2001,0.0322236,Africa,854.598314408095,4.5836
"Congo, Rep.",COG,2002,0.15725,Africa,905.538135544704,6.61937
"Congo, Rep.",COG,2003,0.460014,Africa,1016.82363412143,9.57701
"Congo, Rep.",COG,2004,1.0775,Africa,1306.10136324599,10.76
"Congo, Rep.",COG,2005,1.46342,Africa,1799.05158366154,15.101
"Congo, Rep.",COG,2006,2.00799,Africa,2103.5821381211,23.909300000000002
"Congo, Rep.",COG,2007,2.7597,Africa,2206.47101863414,32.349
"Congo, Rep.",COG,2008,4.28751,Africa,2832.09177777643,43.9283
"Congo, Rep.",COG,2009,4.5,Africa,2271.15219175966,68.866
"Congo, Rep.",COG,2010,5,Africa,2946.55798067708,83.3372
"Congo, Rep.",COG,2011,5.6,Africa,3396.16505817952,84.2731
"Congo, Rep.",COG,2012,6.1067,Africa,3732.32737320389,90.3529
"Congo, Rep.",COG,2013,6.6,Africa,3697.41705884249,95.9371
"Congo, Rep.",COG,2014,7.11,Africa,3601.2365808718,99.08
"Congo, Rep.",COG,2015,7.61597,Africa,2439.35189403696,102.323
"Congo, Rep.",COG,2016,8.12195,Africa,2093.10728558843,103.858
"Congo, Rep.",COG,2017,8.65,Africa,2211.63309874797,94.4868
"Congo, Rep.",COG,2020,24.8206,Africa,1993.586671931,97.6561
"Congo, Rep.",COG,2021,33.3461,Africa,2516.16255145432,95.8615
"Congo, Rep.",COG,2022,37.4939,Africa,2620.83804267402,93.6259
Colombia,COL,2000,2.20753,Americas,2555.00751039968,5.77336
Colombia,COL,2001,2.8542,Americas,2472.99084035833,8.22292
Colombia,COL,2002,4.6,Americas,2428.92969771584,11.399
Colombia,COL,2003,7.38892,Americas,2311.94218760291,15.1114
Colombia,COL,2004,9.11869,Americas,2818.57195413044,25.0356
Colombia,COL,2005,11.0073,Americas,3456.06610874512,51.8645
Colombia,COL,2006,15.3417,Americas,3789.85361217027,69.7165
Colombia,COL,2007,21.8,Americas,4769.926147194,78.5031
Colombia,COL,2008,25.6,Americas,5541.83629665898,94.529
Colombia,COL,2009,30,Americas,5250.97292433518,95.2296
Colombia,COL,2010,36.5,Americas,6398.2958447102,99.3308
Colombia,COL,2011,40.3509,Americas,7400.9940695669,102.079
Colombia,COL,2012,48.98,Americas,8108.59838244229,107.329
Colombia,COL,2013,51.7,Americas,8279.10255642981,108.978
Colombia,COL,2014,52.5681,Americas,8187.20824890084,118.823
Colombia,COL,2015,55.905,Americas,6248.51490534512,122.051
Colombia,COL,2016,58.1365,Americas,5959.84250367574,123.71
Colombia,COL,2017,62.2599,Americas,6479.53231292429,129.272
Colombia,COL,2018,64.1264,Americas,6816.96818309544,131.595
Colombia,COL,2019,65.0069,Americas,6472.54544924705,132.811
Colombia,COL,2020,69.7953,Americas,5339.68711357943,133.661
Colombia,COL,2021,73.0284,Americas,6222.62164397614,146.628
Colombia,COL,2022,72.7964,Americas,6680.44506854481,156.195
Comoros,COM,2000,0.271741,Africa,633.309032776244,0
Comoros,COM,2001,0.443068,Africa,681.163857619963,0
Comoros,COM,2002,0.55487,Africa,764.61349832543,0
Comoros,COM,2003,0.848189,Africa,959.691049354812,0.351002
Comoros,COM,2004,1.32733,Africa,1072.28409029621,1.44273
Comoros,COM,2005,2,Africa,1105.78796866788,2.61913
Comoros,COM,2006,2.2,Africa,1138.47908404345,6.09786
Comoros,COM,2007,2.5,Africa,1289.73631056361,10.0667
Comoros,COM,2008,3,Africa,1455.02768595586,14.5781
Comoros,COM,2009,3.5,Africa,1410.30516959473,19.0975
Comoros,COM,2010,5.1,Africa,1386.5742428453,25.2396
Comoros,COM,2011,5.5,Africa,1531.43789372951,32.3982
Comoros,COM,2012,5.9753,Africa,1490.31511351281,41.5931
Comoros,COM,2013,6.5,Africa,1603.32797107303,49.9144
Comoros,COM,2014,6.98,Africa,1615.71723662012,53.8297
Comoros,COM,2015,7.45916,Africa,1329.37048235986,58.4556
Comoros,COM,2016,7.93832,Africa,1365.48403444497,61.2598
Comoros,COM,2017,8.47817,Africa,1423.9248027797,61.9708
Comoros,COM,2019,16.3838,Africa,1510.23218151592,73.1292
Comoros,COM,2020,22.4204,Africa,1519.34665556206,97.4339
Comoros,COM,2021,30.6812,Africa,1554.97289190153,104.311
Comoros,COM,2022,32.7685,Africa,1465.479642862,100.549
Cabo Verde,CPV,2000,1.82244,Africa,1189.51479345891,4.35214
Cabo Verde,CPV,2001,2.68533,Africa,1223.33055331575,6.84499
Cabo Verde,CPV,2002,3.51876,Africa,1328.57874270666,9.19588
Cabo Verde,CPV,2003,4.32489,Africa,1717.97565369655,11.2683
Cabo Verde,CPV,2004,5.31883,Africa,1929.49081468781,13.7222
Cabo Verde,CPV,2005,6.07409,Africa,2004.14680417563,16.8457
Cabo Verde,CPV,2006,6.80891,Africa,2256.99666191075,22.183
Cabo Verde,CPV,2007,8.28322,Africa,3324.57675212498,30.6762
Cabo Verde,CPV,2008,14,Africa,3908.64885822576,55.3839
Cabo Verde,CPV,2009,21,Africa,3659.72046361628,57.419
Cabo Verde,CPV,2010,30,Africa,3579.46006137809,72.9468
Cabo Verde,CPV,2011,32,Africa,4002.01386888785,77.5113
Cabo Verde,CPV,2012,34.74,Africa,3736.81517011087,83.0757
Cabo Verde,CPV,2013,37.5,Africa,3960.97596791345,97.5075
Cabo Verde,CPV,2014,40.26,Africa,3985.60706548134,119.724
Cabo Verde,CPV,2015,42.683,Africa,3415.06266730931,119.336
Cabo Verde,CPV,2016,50.3228,Africa,3608.96605234906,117.442
Cabo Verde,CPV,2017,57.1621,Africa,3893.09571382506,119.374
Cabo Verde,CPV,2018,59.5,Africa,4294.96510035729,118.876
Cabo Verde,CPV,2019,61.9434,Africa,4380.78117331128,115.868
Cabo Verde,CPV,2020,69.3734,Africa,3539.22661248299,105.839
Cabo Verde,CPV,2021,70.2825,Africa,3971.44409203423,114.231
Cabo Verde,CPV,2022,72.7601,Africa,4323.31362032709,113.247
Costa Rica,CRI,2000,5.80025,Americas,3812.75388284924,5.374
Costa Rica,CRI,2001,9.55948,Americas,3985.12984506207,8.15536
Costa Rica,CRI,2002,19.8949,Americas,4067.71851429092,12.3286
Costa Rica,CRI,2003,20.3336,Americas,4173.14856415514,18.805
Costa Rica,CRI,2004,20.7923,Americas,4431.0117207843,21.9778
Costa Rica,CRI,2005,22.07,Americas,4703.00721784778,25.8447
Costa Rica,CRI,2006,25.1,Americas,5256.59640859159,33.409
Costa Rica,CRI,2007,28.4,Americas,6137.71199925542,34.4323
Costa Rica,CRI,2008,32.29,Americas,6937.24261596055,42.4898
Costa Rica,CRI,2009,34.33,Americas,6832.69829924138,43.3424
Costa Rica,CRI,2010,36.5,Americas,8265.78820275582,68.6655
Costa Rica,CRI,2011,39.2122,Americas,9276.39107511347,90.0915
Costa Rica,CRI,2012,47.5,Americas,10126.9991024177,115.312
Costa Rica,CRI,2013,45.96,Americas,10803.2401962173,150.801
Costa Rica,CRI,2014,53,Americas,10911.497878334,147.267
Costa Rica,CRI,2015,59.763,Americas,11714.7105980732,156.404
Costa Rica,CRI,2016,65.8804,Americas,12091.0301606154,171.166
Costa Rica,CRI,2017,71.5817,Americas,12317.0902771304,179.931
Costa Rica,CRI,2018,73.4797,Americas,12590.2493781614,171.357
Costa Rica,CRI,2019,81.2026,Americas,12884.6859951989,146.212
Costa Rica,CRI,2020,80.5302,Americas,12394.0493969492,149.223
Costa Rica,CRI,2021,82.749,Americas,12838.1185358931,154.831
Costa Rica,CRI,2022,82.598,Americas,13625.9008491328,154.989
Cuba,CUB,2000,0.541183,Americas,2751.3817714814,0.0588346
Cuba,CUB,2001,1.07975,Americas,2842.96704310394,0.0769822
Cuba,CUB,2002,3.77059,Americas,3005.21104247868,0.159706
Cuba,CUB,2003,5.24127,Americas,3202.78109865637,0.31541400000000003
Cuba,CUB,2004,8.40798,Americas,3399.21962893402,0.674425
Cuba,CUB,2005,9.73806,Americas,3786.33799225291,1.2034
Cuba,CUB,2006,11.1596,Americas,4329.98265964383,1.35403
Cuba,CUB,2007,11.69,Americas,4807.43888960684,1.75642
Cuba,CUB,2008,12.94,Americas,4986.12436479175,2.93786
Cuba,CUB,2009,14.33,Americas,5089.23519757167,5.49953
Cuba,CUB,2010,15.9,Americas,5272.26755824835,8.87827
Cuba,CUB,2011,16.0173,Americas,6104.46105236166,11.6368
Cuba,CUB,2012,21.2,Americas,6470.83673392653,14.8776
Cuba,CUB,2013,27.93,Americas,6828.36428245396,17.6639
Cuba,CUB,2014,29.0702,Americas,7146.70459051328,22.4243
Cuba,CUB,2015,37.3051,Americas,7727.91997207998,29.5816
Cuba,CUB,2016,42.9787,Americas,8110.55874283616,35.3989
Cuba,CUB,2017,57.1484,Americas,8610.60829605429,41.0193
Cuba,CUB,2018,62.6789,Americas,8911.46205998726,47.8602
Cuba,CUB,2019,67.9708,Americas,9232.26115935183,53.9383
Cuba,CUB,2020,71.1191,Americas,9605.27914559614,59.6059
Cuba,CUB,2021,67.6435,Americas,NA,63.8661
Cuba,CUB,2022,68.25,Americas,NA,68.718
Curacao,CUW,2016,61.8555,Americas,18944.0962772875,111.242
Curacao,CUW,2017,68.1272,Americas,18938.2440965187,111.078
Cayman Islands,CYM,2005,38.0344,Americas,NA,173.004
Cayman Islands,CYM,2006,44.5,Americas,87085.0945866141,191.904
Cayman Islands,CYM,2007,52,Americas,89888.2611264853,204.273
Cayman Islands,CYM,2008,61,Americas,89655.1185574521,192.202
Cayman Islands,CYM,2009,64.5,Americas,81373.5721242232,206.581
Cayman Islands,CYM,2010,66,Americas,76837.6710064442,185.896
Cayman Islands,CYM,2011,69.4659,Americas,75280.9617699986,174.041
Cayman Islands,CYM,2012,69.7,Americas,75101.5906883232,172.98
Cayman Islands,CYM,2013,71.4,Americas,75113.7342282813,167.14
Cayman Islands,CYM,2014,74.1,Americas,75845.3055572577,151.361
Cayman Islands,CYM,2015,77,Americas,76379.2098777987,151.267
Cayman Islands,CYM,2016,79,Americas,77802.2535658023,151.594
Cayman Islands,CYM,2017,81.0677,Americas,80053.9442657031,149.773
Cyprus,CYP,2000,15.2554,Asia,14388.3525390625,31.3009
Cyprus,CYP,2001,18.8188,Asia,14821.44921875,44.5578
Cyprus,CYP,2002,28.32,Asia,16093.2158203125,58.5586
Cyprus,CYP,2003,30.09,Asia,20252.24609375,76.3248
Cyprus,CYP,2004,33.83,Asia,23792.619140625,89.8
Cyprus,CYP,2005,32.81,Asia,24959.26171875,105.175
Cyprus,CYP,2006,35.83,Asia,26729.28125,114.499
Cyprus,CYP,2007,40.77,Asia,31244.87890625,127.294
Cyprus,CYP,2008,42.31,Asia,35397.296875,127.587
Cyprus,CYP,2009,49.81,Asia,32236.44921875,119.341
Cyprus,CYP,2010,52.99,Asia,31105.02734375,123.133
Cyprus,CYP,2011,56.8599,Asia,32485.798828125,126.56
Cyprus,CYP,2012,60.6899,Asia,28991.935546875,128.298
Cyprus,CYP,2013,65.4548,Asia,27764.73046875,128.161
Cyprus,CYP,2014,69.3287,Asia,26993.103515625,131.145
Cyprus,CYP,2015,71.7157,Asia,23088.44140625,130.982
Cyprus,CYP,2016,75.9002,Asia,24280.056640625,132.637
Cyprus,CYP,2017,80.7432,Asia,26247.44921875,136.172
Cyprus,CYP,2018,84.4336,Asia,29120.375,137.045
Cyprus,CYP,2019,86.0636,Asia,29227.173828125,139.994
Cyprus,CYP,2020,90.8019,Asia,28130.341796875,138.388
Cyprus,CYP,2021,90.7595,Asia,32937.83984375,145.992
Cyprus,CYP,2022,89.601,Asia,33231.04296875,151.241
Czechia,CZE,2000,9.78053,Europe,6062.92152842793,42.4547
Czechia,CZE,2001,14.6972,Europe,6669.07494847497,67.8967
Czechia,CZE,2002,23.93,Europe,8101.26018588111,84.0881
Czechia,CZE,2003,34.3,Europe,9852.45677945801,94.7289
Czechia,CZE,2004,35.5,Europe,11782.5546676117,105.078
Czechia,CZE,2005,35.27,Europe,13442.4916284309,114.55
Czechia,CZE,2006,47.93,Europe,15259.0788162004,120.395
Czechia,CZE,2007,51.93,Europe,18452.6532812196,127.967
Czechia,CZE,2008,62.97,Europe,22774.7045076205,132.779
Czechia,CZE,2009,64.43,Europe,19817.4215836554,125.349
Czechia,CZE,2010,68.82,Europe,20160.4355077059,123.605
Czechia,CZE,2011,70.49,Europe,22049.1080788682,125.46
Czechia,CZE,2012,73.43,Europe,20014.0354015165,128.69
Czechia,CZE,2013,74.1104,Europe,20260.4954999375,130.521
Czechia,CZE,2014,74.2317,Europe,20038.4163180257,132.289
Czechia,CZE,2015,75.6688,Europe,17931.5987670768,118.34
Czechia,CZE,2016,76.4812,Europe,18753.9686718096,118.544
Czechia,CZE,2017,78.7192,Europe,20913.197632212,119.874
Czechia,CZE,2018,80.6882,Europe,23705.9329811299,120.432
Czechia,CZE,2019,80.8669,Europe,24062.7190013343,124.126
Czechia,CZE,2020,81.3389,Europe,23472.8915454417,123.219
Czechia,CZE,2021,82.6706,Europe,27696.4619527544,126.173
Czechia,CZE,2022,84.5401,Europe,28282.2236715857,128.105
Germany,DEU,2000,30.2163,Europe,23925.8559901991,58.9286
Germany,DEU,2001,31.6509,Europe,23878.3641471651,68.5016
Germany,DEU,2002,48.82,Europe,25486.5942008748,72.0473
Germany,DEU,2003,55.9,Europe,30711.1022511331,78.917
Germany,DEU,2004,64.73,Europe,34566.7359143735,86.8798
Germany,DEU,2005,68.71,Europe,35084.4363546269,96.6169
Germany,DEU,2006,72.16,Europe,36980.3349948954,104.835
Germany,DEU,2007,75.16,Europe,42350.9217211489,118.37
Germany,DEU,2008,78,Europe,46379.1647953479,130.097
Germany,DEU,2009,79,Europe,42471.8868625226,129.733
Germany,DEU,2010,82,Europe,42396.9665976293,109.364
Germany,DEU,2011,81.27,Europe,47630.9761883572,112.419
Germany,DEU,2012,82.35,Europe,44718.0159214069,114.192
Germany,DEU,2013,84.17,Europe,47206.8353514242,123.435
Germany,DEU,2014,86.1937,Europe,48959.5991203133,122.309
Germany,DEU,2015,87.5898,Europe,41929.7549110722,117.401
Germany,DEU,2016,84.1652,Europe,42948.9381932694,125.024
Germany,DEU,2017,84.3942,Europe,45553.9341495339,132.003
Germany,DEU,2018,87.0371,Europe,48916.1686612154,128.946
Germany,DEU,2019,88.1345,Europe,47656.199739747,128.292
Germany,DEU,2020,89.8129,Europe,47394.8734504469,128.425
Germany,DEU,2021,91.4306,Europe,52349.2459994422,127.125
Germany,DEU,2022,91.6298,Europe,50506.5179638543,124.158
Djibouti,DJI,2000,0.194501,Africa,737.612183644052,0.0307767
Djibouti,DJI,2001,0.343526,Africa,742.133791107063,0.388947
Djibouti,DJI,2002,0.486972,Africa,743.013270420348,1.88543
Djibouti,DJI,2003,0.62594,Africa,764.634465224597,2.82722
Djibouti,DJI,2004,0.781317,Africa,806.261652944964,4.17395
Djibouti,DJI,2005,0.953611,Africa,844.4483573908,5.24961
Djibouti,DJI,2006,1.27004,Africa,898.464628136774,5.23707
Djibouti,DJI,2007,1.62,Africa,969.573220191902,7.9516
Djibouti,DJI,2008,2.26,Africa,1119.15233346969,12.6407
Djibouti,DJI,2009,4,Africa,1150.9375857489,14.1275
Djibouti,DJI,2010,6.5,Africa,1213.23352553429,17.803
Djibouti,DJI,2011,7,Africa,1306.34552844977,20.3518
Djibouti,DJI,2012,9.4,Africa,1400.19357858954,21.9776
Djibouti,DJI,2013,12.7,Africa,2075.94498424748,24.7885
Djibouti,DJI,2014,17,Africa,2214.62084142432,28.6271
Djibouti,DJI,2015,22.9,Africa,2376.12554719873,30.8092
Djibouti,DJI,2016,30.8,Africa,2510.4300076241,33.2718
Djibouti,DJI,2017,55.6814,Africa,2618.95521147369,35.3657
Djibouti,DJI,2018,57.0617,Africa,2718.08338799203,36.8545
Djibouti,DJI,2019,58.4762,Africa,2837.16902340932,38.0144
Djibouti,DJI,2020,59.9257,Africa,2844.88810647853,39.2725
Djibouti,DJI,2021,61.4112,Africa,3025.91126413549,43.6424
Djibouti,DJI,2022,63.2573,Africa,3133.25779772463,46.7771
Dominica,DMA,2000,8.81484,Americas,4867.39896323759,1.75154
Dominica,DMA,2001,13.2452,Americas,5527.51527300496,11.2904
Dominica,DMA,2002,18.4249,Americas,5488.02784969357,17.8054
Dominica,DMA,2003,23.6204,Americas,5447.44011496284,34.7084
Dominica,DMA,2004,30.3196,Americas,5778.83306546506,60.9448
Dominica,DMA,2005,38.5436,Americas,5695.22442394675,75.654
Dominica,DMA,2006,39.3982,Americas,6055.78109574854,103.915
Dominica,DMA,2007,40.2745,Americas,6459.03503689609,129.272
Dominica,DMA,2008,41.16,Americas,6971.32633839289,132.164
Dominica,DMA,2009,42.02,Americas,7487.49010395154,143.036
Dominica,DMA,2010,47.45,Americas,7549.61964680375,153.309
Dominica,DMA,2011,48.6,Americas,7705.40717248319,157.74
Dominica,DMA,2012,49.8,Americas,7528.51001990155,158.135
Dominica,DMA,2013,51,Americas,7822.21797211398,134.225
Dominica,DMA,2014,57.5,Americas,8131.74876096735,104.992
Dominica,DMA,2015,65,Americas,8282.59874702141,109.72
Dominica,DMA,2016,67.03,Americas,8802.56172041363,112.697
Dominica,DMA,2017,69.6197,Americas,8224.64896571414,109.831
Dominica,DMA,2019,73.3819,Americas,9491.14995962374,115.103
Dominica,DMA,2020,75.6567,Americas,7827.74842680426,110.409
Dominica,DMA,2021,82.6979,Americas,8376.40414141113,92.5136
Dominica,DMA,2022,83.3101,Americas,9323.66089490562,85.1899
Denmark,DNK,2000,39.1724,Europe,30722.0251837567,62.9919
Denmark,DNK,2001,42.9575,Europe,30768.4775471112,73.8998
Denmark,DNK,2002,64.25,Europe,33257.1622586509,83.2922
Denmark,DNK,2003,76.26,Europe,40519.0974905924,88.4332
Denmark,DNK,2004,80.93,Europe,46625.050098011,95.6022
Denmark,DNK,2005,82.74,Europe,48925.8076698784,100.547
Denmark,DNK,2006,86.65,Europe,52119.1787984282,107.186
Denmark,DNK,2007,85.03,Europe,58631.6566433635,115.497
Denmark,DNK,2008,85.02,Europe,64616.665758366304,119.353
Denmark,DNK,2009,86.84,Europe,58412.7472358513,123.727
Denmark,DNK,2010,88.72,Europe,58104.5445594981,115.734
Denmark,DNK,2011,89.81,Europe,61809.737898222,128.763
Denmark,DNK,2012,92.26,Europe,58443.7747103968,130.416
Denmark,DNK,2013,94.6297,Europe,61377.5940590412,125.213
Denmark,DNK,2014,95.9935,Europe,62520.4509747011,126.869
Denmark,DNK,2015,96.3305,Europe,53094.0133607574,124.554
Denmark,DNK,2016,96.9678,Europe,54500.9260410217,121.941
Denmark,DNK,2017,97.0994,Europe,57521.5514992225,123.862
Denmark,DNK,2018,97.3192,Europe,61324.7665045565,124.55
Denmark,DNK,2019,98.0464,Europe,59404.2663247723,124.573
Denmark,DNK,2020,96.5491,Europe,60985.4885601514,124.37
Denmark,DNK,2021,98.8659,Europe,69340.7334922138,125.604
Denmark,DNK,2022,97.8601,Europe,67781.0940939514,126.484
Dominican Republic,DOM,2000,3.70469,Americas,2831.45883638033,8.21779
Dominican Republic,DOM,2001,4.42939,Americas,2935.89367312668,14.5647
Dominican Republic,DOM,2002,6.82373,Americas,3065.60329524196,19.2111
Dominican Republic,DOM,2003,7.89839,Americas,2383.26171780393,23.2936
Dominican Republic,DOM,2004,8.86555,Americas,2451.69161616569,27.8319
Dominican Republic,DOM,2005,11.4832,Americas,3878.31206735244,39.2767
Dominican Republic,DOM,2006,14.8449,Americas,4055.14270347371,49.3049
Dominican Republic,DOM,2007,17.66,Americas,4649.64558875814,58.3022
Dominican Republic,DOM,2008,20.82,Americas,5023.58513403515,75.32
Dominican Republic,DOM,2009,27.72,Americas,4973.95186999952,89.0106
Dominican Republic,DOM,2010,31.4,Americas,5478.62470398954,90.5563
Dominican Republic,DOM,2011,38,Americas,5826.51014109195,88.1874
Dominican Republic,DOM,2012,42.32,Americas,6013.81965002603,88.7173
Dominican Republic,DOM,2013,45.9,Americas,6136.59429329301,90.2547
Dominican Republic,DOM,2014,49.58,Americas,6496.45166971142,80.4955
Dominican Republic,DOM,2015,54.2158,Americas,6800.95309395474,84.3066
Dominican Republic,DOM,2016,63.8709,Americas,7160.44200982307,82.5303
Dominican Republic,DOM,2017,67.5712,Americas,7412.71571571512,82.2092
Dominican Republic,DOM,2018,74.822,Americas,7882.98221584944,82.8937
Dominican Republic,DOM,2019,79.7155,Americas,8183.01623600375,82.1376
Dominican Republic,DOM,2020,81.6173,Americas,7135.22273255899,81.6619
Dominican Republic,DOM,2021,85.243,Americas,8527.0754858205,87.5208
Dominican Republic,DOM,2022,81.5127,Americas,10104.2449349081,90.376
Algeria,DZA,2000,0.491706,Africa,1772.92869122761,0.278282
Algeria,DZA,2001,0.646114,Africa,1896.30020878013,0.31917
Algeria,DZA,2002,1.59164,Africa,1937.46411413019,1.41805
Algeria,DZA,2003,2.19536,Africa,2283.77299346126,4.49694
Algeria,DZA,2004,4.63448,Africa,2816.99384960555,14.9637
Algeria,DZA,2005,5.84394,Africa,3233.13339634212,41.2614
Algeria,DZA,2006,7.37598,Africa,3660.66104745322,62.4502
Algeria,DZA,2007,9.45119,Africa,4167.4516993753105,80.6177
Algeria,DZA,2008,10.18,Africa,5180.91881514686,77.6388
Algeria,DZA,2009,11.23,Africa,4235.42990456612,92.2215
Algeria,DZA,2010,12.5,Africa,4912.78585503672,90.5824
Algeria,DZA,2011,14.9,Africa,5916.31364364343,96.5113
Algeria,DZA,2012,18.2,Africa,6033.64884689543,99.6853
Algeria,DZA,2013,22.5,Africa,5979.60138960585,102.871
Algeria,DZA,2014,29.5,Africa,6094.69392314956,110.44
Algeria,DZA,2015,38.2,Africa,4685.05902729002,108.016
Algeria,DZA,2016,42.9455,Africa,4424.98529027556,115.154
Algeria,DZA,2017,47.6911,Africa,4554.66753957828,109.97
Algeria,DZA,2018,49.0385,Africa,4577.21029180491,110.938
Algeria,DZA,2019,55.7907,Africa,4468.45341883656,104.922
Algeria,DZA,2020,63.4727,Africa,3743.5419522929,103.437
Algeria,DZA,2021,72.2124,Africa,4160.55926736925,105.037
Algeria,DZA,2022,74.8319,Africa,4960.30334332888,107.787
Ecuador,ECU,2000,1.46219,Americas,1382.23421759909,3.80018
Ecuador,ECU,2001,2.67044,Americas,1791.30359685037,6.65455
Ecuador,ECU,2002,4.2608,Americas,2059.1585535974,11.8801
Ecuador,ECU,2003,4.46023,Americas,2315.62215223014,17.9338
Ecuador,ECU,2004,4.83444,Americas,2586.20914663347,26.0434
Ecuador,ECU,2005,5.99426,Americas,2909.02606014388,45.1124
Ecuador,ECU,2006,7.2,Americas,3243.67010359339,60.2369
Ecuador,ECU,2007,10.8,Americas,3478.92488770671,69.3707
Ecuador,ECU,2008,18.8,Americas,4194.75750661981,80.1668
Ecuador,ECU,2009,24.6,Americas,4053.36331139298,89.3147
Ecuador,ECU,2010,29.03,Americas,4520.30959039763,98.0369
Ecuador,ECU,2011,31.3668,Americas,5153.6916424375,100.042
Ecuador,ECU,2012,35.1351,Americas,5634.08393191094,105.68
Ecuador,ECU,2013,40.2791,Americas,6109.29031510341,105.182
Ecuador,ECU,2014,45.5904,Americas,6405.79979300441,103.559
Ecuador,ECU,2015,48.9404,Americas,5976.1596805651,79.5746
Ecuador,ECU,2016,54.0629,Americas,5917.63771271481,84.1088
Ecuador,ECU,2017,55.8,Americas,6233.32244797718,87.4214
Ecuador,ECU,2018,57.5,Americas,6303.91886658338,92.5118
Ecuador,ECU,2019,59.2,Americas,6205.05765246766,91.4249
Ecuador,ECU,2020,70.7,Americas,5463.64515348598,88.2555
Ecuador,ECU,2021,69.1148,Americas,6061.32350181711,94.9506
Ecuador,ECU,2022,69.7181,Americas,6515.58528418336,98.1309
"Egypt, Arab Rep.",EGY,2000,0.641265,Africa,1366.09274372613,1.86075
"Egypt, Arab Rep.",EGY,2001,0.838946,Africa,1295.1374184163,3.74243
"Egypt, Arab Rep.",EGY,2002,2.72,Africa,1116.82884626213,5.89553
"Egypt, Arab Rep.",EGY,2003,4.03789,Africa,1031.27556291284,7.44671
"Egypt, Arab Rep.",EGY,2004,11.92,Africa,991.255689145253,9.61664
"Egypt, Arab Rep.",EGY,2005,12.75,Africa,1105.53920713903,16.8057
"Egypt, Arab Rep.",EGY,2006,13.66,Africa,1298.97900203124,21.7666
"Egypt, Arab Rep.",EGY,2007,16.03,Africa,1547.74170735909,35.7084
"Egypt, Arab Rep.",EGY,2008,18.01,Africa,1896.21594269779,48.0833
"Egypt, Arab Rep.",EGY,2009,20,Africa,2161.63964573927,63.2585
"Egypt, Arab Rep.",EGY,2010,21.6,Africa,2455.08194645282,79.2199
"Egypt, Arab Rep.",EGY,2011,25.6,Africa,2590.64384891965,91.5823
"Egypt, Arab Rep.",EGY,2012,26.4,Africa,2996.0677072015,103.905
"Egypt, Arab Rep.",EGY,2013,29.4,Africa,3025.52563552448,104.585
"Egypt, Arab Rep.",EGY,2014,33.8946,Africa,3133.39102265541,97.7313
"Egypt, Arab Rep.",EGY,2015,37.8194,Africa,3306.98159414141,94.3962
"Egypt, Arab Rep.",EGY,2016,41.2481,Africa,3270.6287768197,96.2092
"Egypt, Arab Rep.",EGY,2017,44.9502,Africa,2395.10333299491,99.2884
"Egypt, Arab Rep.",EGY,2018,46.9243,Africa,2484.70315630508,88.7421
"Egypt, Arab Rep.",EGY,2019,57.2829,Africa,2962.98892023003,88.6448
"Egypt, Arab Rep.",EGY,2020,71.9142,Africa,3511.11381026379,87.2317
"Egypt, Arab Rep.",EGY,2021,72.056,Africa,3827.35415374308,84.0866
"Egypt, Arab Rep.",EGY,2022,72.1981,Africa,4233.30783744856,90.6795
Eritrea,ERI,2000,0.136712,Africa,314.357396753501,0
Eritrea,ERI,2001,0.157815,Africa,325.409161513593,0
Eritrea,ERI,2002,0.22709,Africa,304.775756465092,0
Eritrea,ERI,2007,0.41,Africa,480.44762365456,3.07478
Eritrea,ERI,2008,0.47,Africa,490.066956003333,3.85719
Eritrea,ERI,2009,0.54,Africa,642.92572288007,4.88697
Eritrea,ERI,2010,0.61,Africa,539.699512069686,6.29077
Eritrea,ERI,2011,0.7,Africa,688.68165957684,8.06871
Eritrea,ERI,2012,0.8,Africa,NA,10.0522
Eritrea,ERI,2013,0.9,Africa,NA,11.542
Eritrea,ERI,2014,0.99,Africa,NA,13.4855
Eritrea,ERI,2015,1.08373,Africa,NA,15.2952
Eritrea,ERI,2016,1.17712,Africa,NA,16.1936
Eritrea,ERI,2017,2.5,Africa,NA,22.0611
Eritrea,ERI,2018,5.3,Africa,NA,NA
Eritrea,ERI,2019,11.2,Africa,NA,40.4605
Eritrea,ERI,2020,14.3494,Africa,NA,54.7205
Eritrea,ERI,2021,18.3844,Africa,NA,53.7583
Eritrea,ERI,2022,18.7092,Africa,NA,59.1248
Spain,ESP,2000,13.625,Europe,14743.2671031455,59.1545
Spain,ESP,2001,18.1487,Europe,15368.2337984435,71.9003
Spain,ESP,2002,20.39,Europe,17111.0685058941,80.3028
Spain,ESP,2003,39.93,Europe,21522.0170990262,87.5626
Spain,ESP,2004,44.01,Europe,24925.0267844576,89.3326
Spain,ESP,2005,47.88,Europe,26450.9530130382,97.1228
Spain,ESP,2006,50.37,Europe,28421.686527407,102.236
Spain,ESP,2007,55.11,Europe,32652.015594702,106.384
Spain,ESP,2008,59.6,Europe,35603.248328071,107.328
Spain,ESP,2009,62.4,Europe,32279.8208476151,109.472
Spain,ESP,2010,65.8,Europe,30658.7422282912,109.712
Spain,ESP,2011,67.09,Europe,31824.6219134777,111.899
Spain,ESP,2012,69.81,Europe,28456.4438151477,107.756
Spain,ESP,2013,71.635,Europe,29228.846559842,107.039
Spain,ESP,2014,76.1867,Europe,29707.765509467,108.746
Spain,ESP,2015,78.6896,Europe,25982.4416197775,109.391
Spain,ESP,2016,80.5613,Europe,26755.6061149398,110.247
Spain,ESP,2017,84.6022,Europe,28381.3425596906,112.03
Spain,ESP,2018,86.1072,Europe,30602.4212881113,115.009
Spain,ESP,2019,90.7187,Europe,29786.5245689007,116.696
Spain,ESP,2020,93.2056,Europe,27233.942646160802,116.712
Spain,ESP,2021,93.8975,Europe,30799.4775937775,119
Spain,ESP,2022,94.4855,Europe,30319.4987196616,123.4
Estonia,EST,2000,28.577,Europe,4070.60902410208,39.8712
Estonia,EST,2001,31.5275,Europe,4502.66614992392,46.9106
Estonia,EST,2002,41.52,Europe,5343.18310760735,63.8667
Estonia,EST,2003,45.32,Europe,7205.40703313243,76.6124
Estonia,EST,2004,53.2,Europe,8916.0728274602,92.1518
Estonia,EST,2005,61.45,Europe,10414.6381183565,106.676
Estonia,EST,2006,63.51,Europe,12641.4800976473,123.151
Estonia,EST,2007,66.19,Europe,16745.4308011148,125.445
Estonia,EST,2008,70.58,Europe,18205.9064113446,121.494
Estonia,EST,2009,72.5,Europe,14712.4494217916,117.685
Estonia,EST,2010,74.1,Europe,14663.7041018705,124.136
Estonia,EST,2011,76.5,Europe,17555.5455239426,136.065
Estonia,EST,2012,78.3899,Europe,17568.2137969714,151.197
Estonia,EST,2013,80.0043,Europe,19310.3874900757,146.247
Estonia,EST,2014,84.2415,Europe,20581.7898991695,144.361
Estonia,EST,2015,88.4097,Europe,17722.1557669523,144.803
Estonia,EST,2016,87.2402,Europe,18666.3736521706,144.235
Estonia,EST,2017,88.1025,Europe,20851.5223496861,144.557
Estonia,EST,2018,89.357,Europe,23618.1361254581,145.543
Estonia,EST,2019,90.2289,Europe,24021.2501413306,147.047
Estonia,EST,2020,89.0583,Europe,23933.9939421065,144.832
Estonia,EST,2021,90.9797,Europe,27951.1659277744,148.74
Estonia,EST,2022,91.5202,Europe,28340.3826549406,152.271
Ethiopia,ETH,2000,0.0152638,Africa,122.269202606069,0.0263412
Ethiopia,ETH,2001,0.0371624,Africa,118.457204255261,0.0395753
Ethiopia,ETH,2002,0.0724023,Africa,109.593813612988,0.0703129
Ethiopia,ETH,2003,0.105812,Africa,116.800491132777,0.0695139
Ethiopia,ETH,2004,0.155335,Africa,133.169812538096,0.204442
Ethiopia,ETH,2005,0.21966,Africa,158.243458082465,0.52398
Ethiopia,ETH,2006,0.310593,Africa,189.345737521418,1.07393
Ethiopia,ETH,2007,0.37,Africa,237.146255996319,1.45421
Ethiopia,ETH,2008,0.45,Africa,316.410475118075,2.28483
Ethiopia,ETH,2009,0.54,Africa,368.574712267445,4.60381
Ethiopia,ETH,2010,0.75,Africa,330.619412798644,7.57026
Ethiopia,ETH,2011,1.1,Africa,343.024942351887,15.1655
Ethiopia,ETH,2012,2.9,Africa,452.101031885754,21.424
Ethiopia,ETH,2013,4.6,Africa,484.039833104062,26.0536
Ethiopia,ETH,2014,7.7,Africa,549.986577082588,30.1536
Ethiopia,ETH,2015,13.8552,Africa,597.912113218663,40.7363
Ethiopia,ETH,2016,15.3669,Africa,641.651523286233,47.9993
Ethiopia,ETH,2017,15.6,Africa,696.348429076216,36.1095
Ethiopia,ETH,2018,15.9,Africa,739.702022272086,NA
Ethiopia,ETH,2019,16,Africa,793.473247210264,36.2199
Ethiopia,ETH,2020,16.0696,Africa,829.790982547947,37.4208
Ethiopia,ETH,2021,16.6981,Africa,893.00983544905,52.8089
Finland,FIN,2000,37.2485,Europe,24335.9225082659,72.034
Finland,FIN,2001,43.1054,Europe,24965.202996776,80.4859
Finland,FIN,2002,62.43,Europe,26989.389260959,86.8519
Finland,FIN,2003,69.22,Europe,32920.0857192568,91.064
Finland,FIN,2004,72.39,Europe,37768.1334202029,95.4066
Finland,FIN,2005,74.48,Europe,39049.8703780223,100.456
Finland,FIN,2006,79.66,Europe,41214.0187765069,107.667
Finland,FIN,2007,80.78,Europe,48473.0240091455,114.962
Finland,FIN,2008,83.67,Europe,53769.4726240385,128.543
Finland,FIN,2009,82.49,Europe,47478.3495310999,144.226
Finland,FIN,2010,86.89,Europe,46506.2919016566,156.432
Finland,FIN,2011,88.71,Europe,51060.3242589767,165.917
Finland,FIN,2012,89.88,Europe,47551.6740841369,172.147
Finland,FIN,2013,91.5144,Europe,49691.0145200739,136.259
Finland,FIN,2014,86.5304,Europe,50073.7760815871,139.199
Finland,FIN,2015,86.4221,Europe,42560.3456767103,134.974
Finland,FIN,2016,87.7036,Europe,43451.2562442158,131.383
Finland,FIN,2017,87.4689,Europe,46085.0174739036,129.983
Finland,FIN,2018,88.89,Europe,49654.2497035329,129.629
Finland,FIN,2019,89.6074,Europe,48358.1807773701,129.488
Finland,FIN,2020,92.1703,Europe,48828.6846862799,128.761
Finland,FIN,2021,92.8081,Europe,53099.1351400148,129.036
Finland,FIN,2022,92.9888,Europe,50440.560224974,128.023
Fiji,FJI,2000,1.49685,Oceania,1995.72071163264,6.54732
Fiji,FJI,2001,1.85798,Oceania,1944.997414609,9.52606
Fiji,FJI,2002,6.15265,Oceania,2136.56794118683,10.4773
Fiji,FJI,2003,6.72543,Oceania,2655.58079586044,12.6843
Fiji,FJI,2004,7.41294,Oceania,3097.19096651759,16.2621
Fiji,FJI,2005,8.45364,Oceania,3377.69126953493,23.2326
Fiji,FJI,2006,9.60004,Oceania,3455.10599907349,31.9713
Fiji,FJI,2007,10.8978,Oceania,3762.74692789299,59.0364
Fiji,FJI,2008,13,Oceania,3899.92231512129,66.4158
Fiji,FJI,2009,17,Oceania,3164.13275408169,70.5437
Fiji,FJI,2010,20,Oceania,3449.14452883369,76.6592
Fiji,FJI,2011,28,Oceania,4139.60288609702,79.6286
Fiji,FJI,2012,33.7424,Oceania,4341.40338748749,93.8673
Fiji,FJI,2013,35.2,Oceania,4572.44377544245,101.534
Fiji,FJI,2014,37.4,Oceania,5293.35676680464,95.4872
Fiji,FJI,2015,42.5,Oceania,5097.53106864695,105.157
Fiji,FJI,2016,49.42,Oceania,5363.79026679243,113.656
Fiji,FJI,2017,53.6474,Oceania,5826.84814459328,112.534
Fiji,FJI,2018,58.2364,Oceania,6085.41979485376,110.665
Fiji,FJI,2019,63.2179,Oceania,5842.07344577597,112.581
Fiji,FJI,2020,68.6256,Oceania,4620.6457238014,108.365
Fiji,FJI,2021,74.4958,Oceania,4536.73312110335,108.158
Fiji,FJI,2022,78.2433,Oceania,5414.12092119088,111.749
France,FRA,2000,14.3079,Europe,22340.5939516217,48.8409
France,FRA,2001,26.3259,Europe,22331.7948343036,61.76
France,FRA,2002,30.18,Europe,24144.5727019529,63.96
France,FRA,2003,36.14,Europe,29479.5222101175,68.6553
France,FRA,2004,39.15,Europe,33644.9282220364,72.8138
France,FRA,2005,42.87,Europe,34696.3718316971,78.0332
France,FRA,2006,46.87,Europe,36431.5658906555,83.2589
France,FRA,2007,66.09,Europe,41486.1907828787,88.6688
France,FRA,2008,70.68,Europe,45464.8181385158,92.3412
France,FRA,2009,71.58,Europe,41728.0884164132,91.7782
France,FRA,2010,77.28,Europe,40694.8211697025,91.1186
France,FRA,2011,77.82,Europe,43929.7840873812,93.8529
France,FRA,2012,81.44,Europe,40863.5814412333,97.1925
France,FRA,2013,81.9198,Europe,42669.1795111893,98.3479
France,FRA,2014,83.7511,Europe,43148.0459288416,101.132
France,FRA,2015,78.006,Europe,36702.4323733379,102.718
France,FRA,2016,79.2698,Europe,37024.2157133669,103.817
France,FRA,2017,80.5025,Europe,38687.1626407164,105.718
France,FRA,2018,82.0432,Europe,41418.1766484844,107.482
France,FRA,2019,83.3397,Europe,40408.2848574751,109.601
France,FRA,2020,84.7064,Europe,39169.8606000707,110.387
France,FRA,2021,86.0955,Europe,43725.0999521245,113.953
France,FRA,2022,85.3333,Europe,40988.6396406579,115.951
Faroe Islands,FRO,2000,32.9164,Europe,23322.7593357515,37.1658
Faroe Islands,FRO,2001,43.247,Europe,24879.7729617864,52.9563
Faroe Islands,FRO,2002,53.2992,Europe,26937.6505602847,74.1816
Faroe Islands,FRO,2003,58.9126,Europe,31269.6031997217,80.1847
Faroe Islands,FRO,2004,66.5336,Europe,35647.5440400531,86.007
Faroe Islands,FRO,2005,67.9026,Europe,36389.081644098,86.913
Faroe Islands,FRO,2006,69.3594,Europe,41743.6812847661,103.174
Faroe Islands,FRO,2007,75.98,Europe,48348.7393711011,107.623
Faroe Islands,FRO,2008,75.57,Europe,51287.8911081663,113.118
Faroe Islands,FRO,2009,75.18,Europe,47059.1947296738,117.538
Faroe Islands,FRO,2010,75.2,Europe,47923.1515374991,123.411
Faroe Islands,FRO,2011,80.7322,Europe,51618.9907766392,121.991
Faroe Islands,FRO,2012,85.3352,Europe,50261.9616267693,122.106
Faroe Islands,FRO,2013,90,Europe,55758.2083680611,119.619
Faroe Islands,FRO,2014,93.3,Europe,60172.0632541664,120.194
Faroe Islands,FRO,2015,94.2,Europe,52637.1903526574,108.833
Faroe Islands,FRO,2016,95.1087,Europe,56875.2803813296,110.024
Faroe Islands,FRO,2017,97.582,Europe,59387.353086482,112.69
"Micronesia, Fed. Sts.",FSM,2000,3.73486,Oceania,2049.3453246655,0
"Micronesia, Fed. Sts.",FSM,2001,4.66053,Oceania,2103.74859460914,0
"Micronesia, Fed. Sts.",FSM,2002,5.5701,Oceania,2113.45987332485,0.08893
"Micronesia, Fed. Sts.",FSM,2003,9.2325,Oceania,2145.87755337517,5.22688
"Micronesia, Fed. Sts.",FSM,2004,11.0179,Oceania,2104.42804750084,11.4201
"Micronesia, Fed. Sts.",FSM,2005,11.8814,Oceania,2207.16844533875,12.6503
"Micronesia, Fed. Sts.",FSM,2006,12.7503,Oceania,2244.97227274486,16.8122
"Micronesia, Fed. Sts.",FSM,2007,13.6211,Oceania,2293.51341684075,24.9691
"Micronesia, Fed. Sts.",FSM,2008,14.49,Oceania,2369.50811741318,25.2442
"Micronesia, Fed. Sts.",FSM,2009,15.35,Oceania,2544.11114550961,25.4731
"Micronesia, Fed. Sts.",FSM,2010,20,Oceania,2702.61165204772,25.5886
"Micronesia, Fed. Sts.",FSM,2011,22.8,Oceania,2848.70077003105,25.6272
"Micronesia, Fed. Sts.",FSM,2012,25.9744,Oceania,2992.28916099077,28.9304
"Micronesia, Fed. Sts.",FSM,2013,27.8,Oceania,2893.13437410825,29.0351
"Micronesia, Fed. Sts.",FSM,2014,29.65,Oceania,2896.73082002714,NA
"Micronesia, Fed. Sts.",FSM,2015,31.5011,Oceania,2853.07643587028,20.7007
"Micronesia, Fed. Sts.",FSM,2016,33.3522,Oceania,2979.60119184048,21.4641
"Micronesia, Fed. Sts.",FSM,2017,35.3041,Oceania,3279.10779039285,21.1123
"Micronesia, Fed. Sts.",FSM,2018,36.6,Oceania,3566.58690371125,NA
"Micronesia, Fed. Sts.",FSM,2019,38,Oceania,3572.65918282222,20.8556
"Micronesia, Fed. Sts.",FSM,2020,39.3833,Oceania,3362.02802120524,19.8348
Gabon,GAB,2000,1.21614,Africa,3982.906200928,9.40754
Gabon,GAB,2001,1.34762,Africa,3835.75718279727,11.454
Gabon,GAB,2002,1.93953,Africa,3966.48001864663,20.7629
Gabon,GAB,2003,2.65959,Africa,4710.74862768151,21.7022
Gabon,GAB,2004,2.97907,Africa,5465.79193590708,34.4235
Gabon,GAB,2005,4.89326,Africa,6547.87613955186,50.3377
Gabon,GAB,2006,5.4892,Africa,6847.00985685394,59.5349
Gabon,GAB,2007,5.767,Africa,8003.54289696049,75.1171
Gabon,GAB,2008,7.5,Africa,9688.64519690633,80.8873
Gabon,GAB,2009,9.5,Africa,7290.57526093114,87.2676
Gabon,GAB,2010,13,Africa,8356.74662013345,93.6112
Gabon,GAB,2011,18,Africa,10219.1139339454,133.01
Gabon,GAB,2012,24,Africa,9296.96587941088,138.488
Gabon,GAB,2013,30.538,Africa,9197.70106323947,143.499
Gabon,GAB,2014,38.0712,Africa,9201.36276648105,148.238
Gabon,GAB,2015,45.7845,Africa,7047.12654634355,138.244
Gabon,GAB,2016,48.0523,Africa,6677.07003901644,141.05
Gabon,GAB,2017,51.6049,Africa,6921.73373135624,123.475
Gabon,GAB,2018,55.4202,Africa,7624.2775233771,132.465
Gabon,GAB,2019,59.5176,Africa,7441.1786472281,131.975
Gabon,GAB,2020,63.9179,Africa,6605.80346077565,131.302
Gabon,GAB,2021,68.6436,Africa,8181.40914134656,132.309
Gabon,GAB,2022,70.7069,Africa,8409.2074145028,123.233
United Kingdom,GBR,2000,26.8218,Europe,28383.8761094996,73.576
United Kingdom,GBR,2001,33.4811,Europe,28013.8729635508,78.0646
United Kingdom,GBR,2002,56.48,Europe,30158.7017807858,82.6795
United Kingdom,GBR,2003,64.82,Europe,34556.7726095905,90.6985
United Kingdom,GBR,2004,65.61,Europe,40504.4118103928,99.1988
United Kingdom,GBR,2005,70,Europe,42240.2462987547,108.046
United Kingdom,GBR,2006,68.82,Europe,44695.161023424,114.786
United Kingdom,GBR,2007,75.09,Europe,50629.0799172887,119.989
United Kingdom,GBR,2008,78.39,Europe,47652.4030691881,120.819
United Kingdom,GBR,2009,83.56,Europe,39009.3715547821,122.357
United Kingdom,GBR,2010,85,Europe,39778.3220528565,121.781
United Kingdom,GBR,2011,85.38,Europe,42295.9273835322,121.498
United Kingdom,GBR,2012,87.48,Europe,42688.3263728372,122.465
United Kingdom,GBR,2013,89.8441,Europe,43606.9837896348,122.185
United Kingdom,GBR,2014,91.6133,Europe,47746.2421759562,120.958
United Kingdom,GBR,2015,92.0003,Europe,45255.3449216209,121.212
United Kingdom,GBR,2016,94.7758,Europe,41257.9085545556,119.787
United Kingdom,GBR,2017,90.4246,Europe,40916.8115070354,119.207
United Kingdom,GBR,2018,90.692,Europe,43702.9976303165,118.184
United Kingdom,GBR,2019,92.5166,Europe,43158.7411267323,120.25
United Kingdom,GBR,2020,94.8182,Europe,40812.6794663879,117.305
United Kingdom,GBR,2021,96.1965,Europe,47691.3768799404,117.887
United Kingdom,GBR,2022,96.2989,Europe,47057.043229179,119.834
Georgia,GEO,2000,0.484746,Asia,749.908534993961,4.49919
Georgia,GEO,2001,0.992344,Asia,801.98383707929,7.15803
Georgia,GEO,2002,1.58788,Asia,853.526171868939,12.2005
Georgia,GEO,2003,2.55882,Asia,1010.03151630868,17.4086
Georgia,GEO,2004,3.88622,Asia,1305.04748557208,20.7256
Georgia,GEO,2005,6.07946,Asia,1642.78359414797,29.1672
Georgia,GEO,2006,7.52688,Asia,1996.02013272284,42.6335
Georgia,GEO,2007,8.26,Asia,2635.36650276116,65.5238
Georgia,GEO,2008,10.01,Asia,3324.7537205015,69.9049
Georgia,GEO,2009,20.07,Asia,2822.68939668797,72.392
Georgia,GEO,2010,26.9,Asia,3281.72930937343,102.113
Georgia,GEO,2011,31.52,Asia,4119.66818307193,114.517
Georgia,GEO,2012,36.94,Asia,4530.69533409431,122.384
Georgia,GEO,2013,43.3,Asia,4712.00229382665,131.083
Georgia,GEO,2014,49.1025,Asia,4830.33486170249,142.391
Georgia,GEO,2015,47.5698,Asia,4086.6223465965,146.396
Georgia,GEO,2016,58.4593,Asia,4143.40125686315,145.881
Georgia,GEO,2017,59.7055,Asia,4418.75206546679,145.072
Georgia,GEO,2018,62.7179,Asia,4804.0546040444,143.858
Georgia,GEO,2019,68.8467,Asia,4741.2832715876,141.755
Georgia,GEO,2020,72.5316,Asia,4300.85701291207,134.366
Georgia,GEO,2021,76.4427,Asia,5083.60695484577,146.566
Georgia,GEO,2022,78.7113,Asia,6729.84659930283,154.014
Ghana,GHA,2000,0.153615,Africa,253.746936203344,0.662242
Ghana,GHA,2001,0.200008,Africa,263.542156494853,1.20889
Ghana,GHA,2002,0.830284,Africa,297.46164468774,1.86583
Ghana,GHA,2003,1.19306,Africa,358.39927142073,3.73546
Ghana,GHA,2004,1.7168,Africa,406.132105329565,7.75095
Ghana,GHA,2005,1.8312,Africa,478.611909191028,12.8046
Ghana,GHA,2006,2.72318,Africa,906.441027564887,22.6002
Ghana,GHA,2007,3.85,Africa,1050.12461524926,32.1629
Ghana,GHA,2008,4.27,Africa,1182.65761256016,47.7132
Ghana,GHA,2009,5.44,Africa,1047.70430093586,60.7695
Ghana,GHA,2010,7.8,Africa,1263.89251760539,68.4473
Ghana,GHA,2011,9,Africa,1507.43573198753,81.1104
Ghana,GHA,2012,10.6,Africa,1543.77524235764,95.8262
Ghana,GHA,2013,15,Africa,2294.79584693743,102.338
Ghana,GHA,2014,19,Africa,1949.90832923846,108.27
Ghana,GHA,2015,23,Africa,1722.77282833606,121.997
Ghana,GHA,2016,28,Africa,1912.47991339951,130.481
Ghana,GHA,2017,37.8842,Africa,2012.28662641265,122.472
Ghana,GHA,2018,43,Africa,2195.32166016377,133.61
Ghana,GHA,2019,22.0732,Africa,2186.65822682613,130.705
Ghana,GHA,2020,62.5176,Africa,2195.45481659987,126.887
Ghana,GHA,2021,68.6,Africa,2445.18662529344,124.403
Ghana,GHA,2022,69.3607,Africa,2229.89122647803,120.803
Gibraltar,GIB,2000,19.1316,Europe,NA,20.0585
Gibraltar,GIB,2001,21.1711,Europe,NA,35.4232
Gibraltar,GIB,2002,23.6702,Europe,NA,43.7174
Gibraltar,GIB,2003,28.3258,Europe,NA,56.2354
Gibraltar,GIB,2004,32.8861,Europe,NA,64.0501
Gibraltar,GIB,2005,39.0701,Europe,NA,68.5801
Gibraltar,GIB,2006,45.2986,Europe,NA,74.3394
Gibraltar,GIB,2007,51.61,Europe,NA,79.984
Gibraltar,GIB,2008,58,Europe,NA,85.4898
Gibraltar,GIB,2009,65.07,Europe,NA,92.7879
Gibraltar,GIB,2010,65,Europe,NA,96.0061
Gibraltar,GIB,2011,65,Europe,NA,102.653
Gibraltar,GIB,2012,65.017,Europe,NA,108.495
Gibraltar,GIB,2016,94.4445,Europe,NA,122.218
Guinea,GIN,2000,0.095424900000000007,Africa,518.157066924026,0.499618
Guinea,GIN,2001,0.175542,Africa,483.085120214741,0.651877
Guinea,GIN,2002,0.402023,Africa,495.916073559269,1.04648
Guinea,GIN,2003,0.45096,Africa,566.48540588068,1.25694
Guinea,GIN,2004,0.508819,Africa,584.897740538081,1.7092
Guinea,GIN,2005,0.542254,Africa,463.17768685098,2.04416
Guinea,GIN,2006,0.637492,Africa,446.980554135013,NA
Guinea,GIN,2007,0.780025,Africa,650.148575304743,20.699
Guinea,GIN,2008,0.92,Africa,703.532825784369,27.7809
Guinea,GIN,2009,0.94,Africa,662.185914665575,34.3963
Guinea,GIN,2010,1,Africa,659.235326211315,38.476
Guinea,GIN,2011,2,Africa,636.694958747648,45.6102
Guinea,GIN,2012,3.1,Africa,699.353377212197,51.1345
Guinea,GIN,2013,4.5,Africa,748.455020824734,66.4453
Guinea,GIN,2014,6.4,Africa,765.146999389279,75.6869
Guinea,GIN,2015,9.2,Africa,747.356966759448,91.4756
Guinea,GIN,2016,13.1,Africa,711.996509782316,92.0233
Guinea,GIN,2017,18.7,Africa,833.598621691121,94.4641
Guinea,GIN,2018,21.83,Africa,933.273615633705,94.555
Guinea,GIN,2019,22.6255,Africa,1031.34146480732,98.7621
Guinea,GIN,2020,23.4499,Africa,1053.66097696415,103.17
Guinea,GIN,2021,24.3044,Africa,1244.96550477914,100.616
Guinea,GIN,2022,24.6954,Africa,1416.59612011764,108.885
"Gambia, The",GMB,2000,0.921795,Africa,538.054072348854,0.384858
"Gambia, The",GMB,2001,1.33679,Africa,459.803068381399,3.68459
"Gambia, The",GMB,2002,1.79678,Africa,376.531026962584,6.51173
"Gambia, The",GMB,2003,2.43678,Africa,308.719123437587,9.46368
"Gambia, The",GMB,2004,3.308,Africa,593.285346326581,10.7937
"Gambia, The",GMB,2005,3.799,Africa,616.483657865348,14.8454
"Gambia, The",GMB,2006,5.23769,Africa,614.544307904464,23.5732
"Gambia, The",GMB,2007,6.20504,Africa,724.726407242432,45.3269
"Gambia, The",GMB,2008,6.88,Africa,859.127671411226,64.1491
"Gambia, The",GMB,2009,7.63,Africa,774.888030908091,70.1538
"Gambia, The",GMB,2010,9.2,Africa,801.033372714536,76.7323
"Gambia, The",GMB,2011,10.8703,Africa,710.608411468152,70.6308
"Gambia, The",GMB,2012,12.4492,Africa,692.579361628102,74.7
"Gambia, The",GMB,2013,14,Africa,653.862713272743,87.8808
"Gambia, The",GMB,2014,15.56,Africa,568.00453558864,105.505
"Gambia, The",GMB,2015,17.6,Africa,619.536364296461,122.079
"Gambia, The",GMB,2016,19.9,Africa,650.056501323611,124.274
"Gambia, The",GMB,2017,22.5,Africa,642.522641296331,126.634
"Gambia, The",GMB,2018,28.3,Africa,696.219806960615,132.578
"Gambia, The",GMB,2019,31.1183,Africa,738.186751987483,105.205
"Gambia, The",GMB,2020,34.2172,Africa,720.335143352133,106.448
"Gambia, The",GMB,2021,37.6247,Africa,781.890925169531,108.847
"Gambia, The",GMB,2022,44.0389,Africa,836.244875868476,106.782
Guinea-Bissau,GNB,2000,0.230103,Africa,316.945495037639,0
Guinea-Bissau,GNB,2001,0.299569,Africa,327.138431972397,0
Guinea-Bissau,GNB,2002,1.02299,Africa,362.034574570354,0
Guinea-Bissau,GNB,2003,1.3542,Africa,419.78486611807,0.0966784
Guinea-Bissau,GNB,2004,1.80814,Africa,431.376557669634,2.92324
Guinea-Bissau,GNB,2005,1.90137,Africa,463.073962650452,7.15302
Guinea-Bissau,GNB,2006,2.0572,Africa,448.513075469701,11.1163
Guinea-Bissau,GNB,2007,2.2063,Africa,519.069789794741,20.4153
Guinea-Bissau,GNB,2008,2.35489,Africa,640.210331101753,33.6114
Guinea-Bissau,GNB,2009,2.30328,Africa,583.190020139094,36.7108
Guinea-Bissau,GNB,2010,2.45,Africa,600.194298540768,43.2449
Guinea-Bissau,GNB,2011,2.672,Africa,719.539573498937,45.5597
Guinea-Bissau,GNB,2012,2.89399,Africa,635.461653303881,63.5329
Guinea-Bissau,GNB,2013,3.1,Africa,654.304534409417,55.42
Guinea-Bissau,GNB,2014,3.32,Africa,652.022501029449,63.6542
Guinea-Bissau,GNB,2015,6.1,Africa,645.066837207039,69.3268
Guinea-Bissau,GNB,2016,13.8,Africa,679.665386626818,70.1916
Guinea-Bissau,GNB,2017,14.8,Africa,783.123186602022,76.4394
Guinea-Bissau,GNB,2018,15.7,Africa,808.531613218504,77.0219
Guinea-Bissau,GNB,2019,17.9215,Africa,811.216425885129,80.8245
Guinea-Bissau,GNB,2020,20.4573,Africa,846.915855715971,95.0629
Guinea-Bissau,GNB,2021,23.3519,Africa,926.780921081233,108.63
Guinea-Bissau,GNB,2022,27.5672,Africa,883.199131457831,125.935
Equatorial Guinea,GNQ,2000,0.132355,Africa,1487.3165506701,0.710955
Equatorial Guinea,GNQ,2001,0.16526,Africa,1948.61145907844,2.00044
Equatorial Guinea,GNQ,2002,0.321198,Africa,2264.21065580365,4.01024
Equatorial Guinea,GNQ,2003,0.520524,Africa,2930.60183743733,4.89466
Equatorial Guinea,GNQ,2004,0.84393,Africa,4901.30127408119,6.87841
Equatorial Guinea,GNQ,2005,1.14979,Africa,8673.9026086535,10.2283
Equatorial Guinea,GNQ,2006,1.27919,Africa,10184.8841248541,12.117
Equatorial Guinea,GNQ,2007,1.55712,Africa,12616.9532942011,14.4781
Equatorial Guinea,GNQ,2008,1.82,Africa,18210.5552970599,16.5971
Equatorial Guinea,GNQ,2009,2.13,Africa,13232.5019378102,17.6107
Equatorial Guinea,GNQ,2010,6,Africa,13720.1658723222,33.5796
Equatorial Guinea,GNQ,2011,11.5,Africa,17198.2136668275,38.5607
Equatorial Guinea,GNQ,2012,13.9432,Africa,17308.5723924575,38.7386
Equatorial Guinea,GNQ,2013,16.4,Africa,16304.0713196418,37.9421
Equatorial Guinea,GNQ,2014,18.86,Africa,15548.6624656619,36.9002
Equatorial Guinea,GNQ,2015,21.32,Africa,9068.91003238645,36.6825
Equatorial Guinea,GNQ,2016,23.78,Africa,7453.19797948517,38.1684
Equatorial Guinea,GNQ,2017,26.24,Africa,7809.10465655488,36.2336
Equatorial Guinea,GNQ,2019,49.1337,Africa,6804.14923073888,36.9422
Equatorial Guinea,GNQ,2020,55.0013,Africa,5764.05502912947,43.3495
Equatorial Guinea,GNQ,2021,58.7173,Africa,6945.63069794539,46.4348
Equatorial Guinea,GNQ,2022,59.3433,Africa,7589.29964909381,49.538
Greece,GRC,2000,9.13884,Europe,11638.2010697215,55.0181
Greece,GRC,2001,10.935,Europe,12156.9572824221,73.4448
Greece,GRC,2002,14.67,Europe,13782.195640943,85.5282
Greece,GRC,2003,17.8,Europe,18020.612039764,81.8448
Greece,GRC,2004,21.42,Europe,21449.2552764245,85.1742
Greece,GRC,2005,24,Europe,22054.1315756886,93.4349
Greece,GRC,2006,32.25,Europe,24416.0232970275,99.6707
Greece,GRC,2007,35.88,Europe,28440.7625328955,111.309
Greece,GRC,2008,38.2,Europe,31695.8331092209,124.578
Greece,GRC,2009,42.4,Europe,29425.4573200263,119.689
Greece,GRC,2010,44.4,Europe,26653.0488008626,110.5
Greece,GRC,2011,51.65,Europe,25504.7866510124,109.174
Greece,GRC,2012,55.07,Europe,21624.346052551,120.926
Greece,GRC,2013,59.8663,Europe,21573.3449762805,114.143
Greece,GRC,2014,63.2073,Europe,21474.7257123892,111.488
Greece,GRC,2015,66.835,Europe,17980.7298238137,116.133
Greece,GRC,2016,69.0879,Europe,17919.2426377048,116.365
Greece,GRC,2017,69.893,Europe,18631.9930129293,120.306
Greece,GRC,2018,72.2384,Europe,19873.4015238771,113.418
Greece,GRC,2019,75.6712,Europe,19335.3602002969,110.855
Greece,GRC,2020,78.1158,Europe,17886.733165236,106.67
Greece,GRC,2021,78.4943,Europe,20654.7001960815,108.644
Greece,GRC,2022,83.1707,Europe,20886.5243087629,109.027
Grenada,GRD,2000,4.06391,Americas,4839.82811114248,4.00182
Grenada,GRD,2001,5.1281,Americas,4819.50776653843,5.9396
Grenada,GRD,2002,14.7588,Americas,4984.47405931447,6.96746
Grenada,GRD,2003,18.6452,Americas,5427.96377252312,38.8423
Grenada,GRD,2004,19.5706,Americas,5480.26117644588,39.6193
Grenada,GRD,2005,20.4878,Americas,6338.56011405358,42.7014
Grenada,GRD,2006,21.396,Americas,6344.0383771432,41.9422
Grenada,GRD,2007,22.29,Americas,6864.54816771858,46.4894
Grenada,GRD,2008,23.18,Americas,7448.2040563865,54.1246
Grenada,GRD,2009,24.05,Americas,6932.56472176781,102.849
Grenada,GRD,2010,27,Americas,6909.60169568597,109.284
Grenada,GRD,2011,30,Americas,6947.38136096464,107.83
Grenada,GRD,2012,32,Americas,7092.71985352677,115.196
Grenada,GRD,2013,35,Americas,7424.80212287327,117.194
Grenada,GRD,2014,51.6,Americas,7986.33421210788,102.645
Grenada,GRD,2015,52.5,Americas,8694.12438005692,104.439
Grenada,GRD,2016,53.3,Americas,9221.23461079424,103.338
Grenada,GRD,2017,54.2,Americas,9751.42661155932,98.0414
Grenada,GRD,2018,61.4,Americas,10083.021279225,102.619
Grenada,GRD,2019,64.3128,Americas,10462.7929159533,100.175
Grenada,GRD,2020,67.3637,Americas,8968.55890108484,102.079
Grenada,GRD,2021,70.5594,Americas,9617.28902905373,86.571
Grenada,GRD,2022,74.2689,Americas,10469.3867012856,95.7592
Greenland,GRL,2000,31.7478,Americas,19009.0774407515,26.8889
Greenland,GRL,2001,35.4641,Americas,19265.5191468738,28.1541
Greenland,GRL,2002,44.1548,Americas,20657.9506323097,35.2064
Greenland,GRL,2003,54.5343,Americas,27466.6494525504,52.411
Greenland,GRL,2004,56.099,Americas,32030.9987915109,68.5909
Greenland,GRL,2005,57.7034,Americas,32489.7277309899,81.6155
Greenland,GRL,2006,59.3617,Americas,35457.6297578214,94.7559
Greenland,GRL,2007,61.07,Americas,39780.9441368721,116.938
Greenland,GRL,2008,62.82,Americas,44366.7858688175,98.5087
Greenland,GRL,2009,62.83,Americas,44918.8413832155,94.5968
Greenland,GRL,2010,63,Americas,44277.1993400972,101.298
Greenland,GRL,2011,64,Americas,47186.8759969388,103.357
Greenland,GRL,2012,64.896,Americas,45936.9562817724,104.715
Greenland,GRL,2013,65.8,Americas,47535.4883792376,106.878
Greenland,GRL,2014,66.7,Americas,50485.2244135291,108.237
Greenland,GRL,2015,67.6004,Americas,44536.3549705377,108.888
Greenland,GRL,2016,68.5009,Americas,48181.7453541266,NA
Greenland,GRL,2017,69.4825,Americas,50765.7494665372,111.145
Guatemala,GTM,2000,0.712333,Americas,1648.96578971559,7.32485
Guatemala,GTM,2001,1.7382,Americas,1537.68663578252,9.57808
Guatemala,GTM,2002,3.39175,Americas,1669.33517469705,12.8774
Guatemala,GTM,2003,4.54885,Americas,1722.54701910774,16.2446
Guatemala,GTM,2004,5.1,Americas,1840.91184884,24.7377
Guatemala,GTM,2005,5.7,Americas,2046.46611650758,34.4605
Guatemala,GTM,2006,6.5,Americas,2225.1234753878002,53.7031
Guatemala,GTM,2007,7.3,Americas,2458.81573919384,87.1486
Guatemala,GTM,2008,8.3,Americas,2763.05988172926,107.273
Guatemala,GTM,2009,9.3,Americas,2611.64632773352,121.75
Guatemala,GTM,2010,10.5,Americas,2805.25960237322,124.606
Guatemala,GTM,2011,12.3,Americas,3168.98370607705,131.686
Guatemala,GTM,2012,16,Americas,3286.61959336267,137.757
Guatemala,GTM,2013,19.7,Americas,3444.15802275864,141.131
Guatemala,GTM,2014,23.4,Americas,3689.14510410202,107.844
Guatemala,GTM,2015,28.8059,Americas,3893.50533299068,113.459
Guatemala,GTM,2016,34.5093,Americas,4060.13784737643,112.267
Guatemala,GTM,2017,37.9,Americas,4324.99768915601,120.638
Guatemala,GTM,2018,41.5,Americas,4352.94593289707,121.5
Guatemala,GTM,2019,44.401,Americas,4511.99839552697,122.044
Guatemala,GTM,2020,47.5123,Americas,4477.61785000665,117.476
Guatemala,GTM,2021,50.8416,Americas,4912.62240414681,125.719
Guatemala,GTM,2022,55.4086,Americas,5358.70156997677,115.156
Guam,GUM,2000,16.1131,Oceania,NA,16.9931
Guam,GUM,2001,25.3802,Oceania,NA,20.2072
Guam,GUM,2002,31.1923,Oceania,20909.9590302806,43.4341
Guam,GUM,2003,33.7167,Oceania,21877.3178371553,48.9159
Guam,GUM,2004,36.1618,Oceania,23618.8266894573,59.8254
Guam,GUM,2005,38.5599,Oceania,25631.9776108052,NA
Guam,GUM,2006,43.8514,Oceania,25709.9351488422,NA
Guam,GUM,2007,46.1505,Oceania,26605.4324214756,NA
Guam,GUM,2008,48.4187,Oceania,28112.2316573422,NA
Guam,GUM,2009,50.642,Oceania,29054.0581201519,NA
Guam,GUM,2010,54.04,Oceania,29719.7967836082,NA
Guam,GUM,2011,57.7,Oceania,29926.2052442913,NA
Guam,GUM,2012,61.5342,Oceania,31653.7506538168,NA
Guam,GUM,2013,65.4,Oceania,32530.7593121483,NA
Guam,GUM,2014,69.27,Oceania,33900.1486530583,NA
Guam,GUM,2015,73.14,Oceania,35165.7014644795,NA
Guam,GUM,2016,77.01,Oceania,35930.6594898711,NA
Guam,GUM,2017,80.5055,Oceania,36779.0078903909,NA
Guyana,GUY,2000,0.6,Americas,931.796651718955,5.20768
Guyana,GUY,2001,1,Americas,931.574723847673,9.85249
Guyana,GUY,2002,1.5,Americas,950.866932470993,10.3974
Guyana,GUY,2003,2.4,Americas,973.742598054188,18.0782
Guyana,GUY,2004,3.7,Americas,1033.31030902188,22.5147
Guyana,GUY,2005,5.7,Americas,1084.06541388904,36.9776
Guyana,GUY,2006,8.9,Americas,3135.60553528326,52.7033
Guyana,GUY,2007,13.8,Americas,3608.28685240188,71.1853
Guyana,GUY,2008,18.2,Americas,4008.9628671603,59.3381
Guyana,GUY,2009,23.9,Americas,4209.13230624565,64.9564
Guyana,GUY,2010,29.9,Americas,4581.76179693492,74.7938
Guyana,GUY,2011,30,Americas,4947.22170589917,70.8644
Guyana,GUY,2012,30.5,Americas,5444.39751913913,73.3024
Guyana,GUY,2013,31,Americas,5556.91231156932,74.0026
Guyana,GUY,2014,32,Americas,5472.68820452237,75.1635
Guyana,GUY,2015,34,Americas,5640.41560569466,71.5092
Guyana,GUY,2016,35.66,Americas,5870.87823759835,76.5713
Guyana,GUY,2017,42.7,Americas,6178.6650437298,83.6991
Guyana,GUY,2018,48.5989,Americas,6048.38697180418,NA
Guyana,GUY,2019,55.3127,Americas,6405.82443444562,96.3271
Guyana,GUY,2020,62.954,Americas,6775.70939096303,106.009
Guyana,GUY,2021,71.6509,Americas,9860.87014834386,104.969
Guyana,GUY,2022,78.3924,Americas,17913.4928066879,112.565
"Hong Kong SAR, China",HKG,2000,27.8278,Asia,25756.7728723704,81.2471
"Hong Kong SAR, China",HKG,2001,38.6714,Asia,25230.3780910304,85.2695
"Hong Kong SAR, China",HKG,2002,43.0824,Asia,24665.8362318216,93.7596
"Hong Kong SAR, China",HKG,2003,52.2,Asia,23977.1734120477,107.148
"Hong Kong SAR, China",HKG,2004,56.3999,Asia,24928.1003722551,119.247
"Hong Kong SAR, China",HKG,2005,56.9,Asia,26649.637724155,123.678
"Hong Kong SAR, China",HKG,2006,60.8,Asia,28224.0951563146,136.258
"Hong Kong SAR, China",HKG,2007,64.8,Asia,30593.9511738646,154.226
"Hong Kong SAR, China",HKG,2008,66.7,Asia,31515.5292103443,164.943
"Hong Kong SAR, China",HKG,2009,69.4,Asia,30697.5383861641,178.317
"Hong Kong SAR, China",HKG,2010,72,Asia,32550.136489179,194.234
"Hong Kong SAR, China",HKG,2011,72.2,Asia,35142.4879344543,214.098
"Hong Kong SAR, China",HKG,2012,72.9,Asia,36730.796195815,227.571
"Hong Kong SAR, China",HKG,2013,74.2,Asia,38403.7777145477,233.65
"Hong Kong SAR, China",HKG,2014,79.8663,Asia,40315.3739510191,231.702
"Hong Kong SAR, China",HKG,2015,84.9484,Asia,42432.1619740441,227.037
"Hong Kong SAR, China",HKG,2016,87.4794,Asia,43734.1980702999,237.378
"Hong Kong SAR, China",HKG,2017,89.4159,Asia,46160.429791493,247.079
"Hong Kong SAR, China",HKG,2018,90.5074,Asia,48537.5668888343,266.34
"Hong Kong SAR, China",HKG,2019,91.7434,Asia,48359.0011950597,286.619
"Hong Kong SAR, China",HKG,2020,92.4131,Asia,46109.2299946609,291.916
"Hong Kong SAR, China",HKG,2021,93.0872,Asia,49770.564237473904,319.852
"Hong Kong SAR, China",HKG,2022,95.6136,Asia,48825.8441873536,292.808
Honduras,HND,2000,1.20386,Americas,1092.56400746252,2.36054
Honduras,HND,2001,1.41528,Americas,1132.1648753329,3.51627
Honduras,HND,2002,2.5974,Americas,1132.49965345317,4.7055
Honduras,HND,2003,4.8,Americas,1156.08162681357,5.32871
Honduras,HND,2004,5.6,Americas,1215.13995412761,9.68902
Honduras,HND,2005,6.5,Americas,1304.70039153826,17.1356
Honduras,HND,2006,7.8,Americas,1425.84780051892,29.2648
Honduras,HND,2007,9.4,Americas,1577.73789197407,53.4134
Honduras,HND,2008,9.6,Americas,1732.49062702803,77.5119
Honduras,HND,2009,9.8,Americas,1781.15703614674,102.452
Honduras,HND,2010,11.09,Americas,1893.32722662035,113.617
Honduras,HND,2011,15.9,Americas,2073.66121088074,94.399
Honduras,HND,2012,18.12,Americas,2126.03474686503,84.5665
Honduras,HND,2013,17.8,Americas,2081.12843527945,87.3776
Honduras,HND,2014,23,Americas,2179.88171977271,85.2365
Honduras,HND,2015,27.1395,Americas,2271.20265980349,87.1292
Honduras,HND,2016,29.5282,Americas,2307.34468351082,83.2181
Honduras,HND,2017,31.7358,Americas,2413.0076562942,85.8717
Honduras,HND,2018,36.0401,Americas,2464.64241531918,77.7101
Honduras,HND,2019,39.3884,Americas,2502.32744328073,76.0268
Honduras,HND,2020,45.2483,Americas,2307.61494319511,68.7836
Honduras,HND,2021,51.9516,Americas,2735.14751503977,73.4772
Honduras,HND,2022,56.3896,Americas,3003.28996826399,75.8551
Croatia,HRV,2000,6.64488,Europe,4953.65158789022,23.8783
Croatia,HRV,2001,11.5586,Europe,5364.83824691607,40.8038
Croatia,HRV,2002,17.76,Europe,6219.58164143945,53.7092
Croatia,HRV,2003,22.75,Europe,8190.11135193887,58.9154
Croatia,HRV,2004,30.91,Europe,9718.97322801967,65.788
Croatia,HRV,2005,33.14,Europe,10443.5278353294,84.6024
Croatia,HRV,2006,37.98,Europe,11501.2099669894,101.84
Croatia,HRV,2007,41.44,Europe,13755.8321073292,116.651
Croatia,HRV,2008,44.24,Europe,15888.0606949392,105.566
Croatia,HRV,2009,50.58,Europe,14474.6519774194,108.456
Croatia,HRV,2010,56.55,Europe,13729.7654965022,114.582
Croatia,HRV,2011,57.79,Europe,14691.558296292,119.49
Croatia,HRV,2012,61.94,Europe,13507.7805260991,116.719
Croatia,HRV,2013,66.7476,Europe,14134.9474982889,111.282
Croatia,HRV,2014,68.5679,Europe,14186.7295493276,105.732
Croatia,HRV,2015,69.845,Europe,12283.7840620053,105.544
Croatia,HRV,2016,72.6973,Europe,12820.1653893008,106.718
Croatia,HRV,2017,67.0962,Europe,13901.7878144679,105.795
Croatia,HRV,2018,75.2946,Europe,15460.3669595491,109.034
Croatia,HRV,2019,79.0798,Europe,15563.5987295029,110.494
Croatia,HRV,2020,78.3209,Europe,14807.5608543265,110.666
Croatia,HRV,2021,81.254,Europe,17788.7865816658,112.169
Croatia,HRV,2022,82.0716,Europe,18465.5414420364,114.677
Haiti,HTI,2000,0.231271,Americas,820.600046761464,0.662399
Haiti,HTI,2001,0.340832,Americas,748.821159844528,1.08208
Haiti,HTI,2002,0.893433,Americas,720.969568042522,1.62646
Haiti,HTI,2003,1.64736,Americas,578.995291079709,3.653
Haiti,HTI,2004,5.40126,Americas,683.185298155273,4.48921
Haiti,HTI,2005,6.3762,Americas,775.845704056916,5.5202
Haiti,HTI,2006,6.796,Americas,828.805700289589,13.02
Haiti,HTI,2007,7.2,Americas,984.566983448521,26.6715
Haiti,HTI,2008,7.6,Americas,1094.66058421644,33.5754
Haiti,HTI,2009,8.1,Americas,1196.8528706018,37.6487
Haiti,HTI,2010,8.37,Americas,1209.72733503094,40.8026
Haiti,HTI,2011,9,Americas,1312.03953552013,42.3605
Haiti,HTI,2012,9.8,Americas,1361.39396587374,60.5272
Haiti,HTI,2013,10.6,Americas,1457.83221179626,70.0445
Haiti,HTI,2014,11.4,Americas,1460.18898613914,65.2575
Haiti,HTI,2015,14.2,Americas,1411.12684746796,69.3703
Haiti,HTI,2016,22.8,Americas,1318.40268167953,60.9477
Haiti,HTI,2017,27.2,Americas,1395.23945184461,58.2918
Haiti,HTI,2018,32.4736,Americas,1496.38048970156,60.2323
Haiti,HTI,2019,39.262,Americas,1352.17204191532,61.6234
Hungary,HUN,2000,6.99968,Europe,4629.91760812548,30.1874
Hungary,HUN,2001,14.5286,Europe,5280.94887987063,48.8599
Hungary,HUN,2002,16.67,Europe,6658.04494326809,67.9206
Hungary,HUN,2003,21.63,Europe,8410.09248198479,78.5895
Hungary,HUN,2004,27.74,Europe,10291.2694721409,86.5295
Hungary,HUN,2005,38.97,Europe,11212.2046968994,92.5916
Hungary,HUN,2006,47.06,Europe,11478.4891640501,99.162
Hungary,HUN,2007,53.3,Europe,13934.605460375,109.925
Hungary,HUN,2008,61,Europe,15762.6322515113,122.038
Hungary,HUN,2009,62,Europe,13051.1831777184,117.909
Hungary,HUN,2010,65,Europe,13189.8433874768,120.369
Hungary,HUN,2011,68.02,Europe,14211.460557822,117.526
Hungary,HUN,2012,70.58,Europe,12950.1594488143,116.768
Hungary,HUN,2013,72.6439,Europe,13739.4620151401,117.2
Hungary,HUN,2014,75.6532,Europe,14352.501883174,118.896
Hungary,HUN,2015,72.8347,Europe,12782.9412577973,100.624
Hungary,HUN,2016,79.2594,Europe,13215.8605277789,101.442
Hungary,HUN,2017,76.7505,Europe,14736.1668157258,101.629
Hungary,HUN,2018,76.0744,Europe,16605.0570511887,102.737
Hungary,HUN,2019,80.3717,Europe,17012.8598553199,105.142
Hungary,HUN,2020,84.7712,Europe,16386.9308821258,105.982
Hungary,HUN,2021,88.6408,Europe,19030.628130329,105.137
Hungary,HUN,2022,89.1428,Europe,18428.028825614,105.794
Indonesia,IDN,2000,0.925564,Asia,763.711124950924,1.69815
Indonesia,IDN,2001,2.01861,Asia,732.307093405708,2.97627
Indonesia,IDN,2002,2.13414,Asia,881.002913569131,5.26817
Indonesia,IDN,2003,2.38702,Asia,1043.2105838671,8.21836
Indonesia,IDN,2004,2.60029,Asia,1126.84004447173,13.3098
Indonesia,IDN,2005,3.60202,Asia,1238.21447629488,20.3186
Indonesia,IDN,2006,4.76481,Asia,1558.31562847163,27.2719
Indonesia,IDN,2007,5.78627,Asia,1823.21976255073,39.3934
Indonesia,IDN,2008,7.91748,Asia,2124.55483920618,58.5358
Indonesia,IDN,2009,6.92,Asia,2218.48541852977,67.2958
Indonesia,IDN,2010,10.92,Asia,3065.68348377765,85.7839
Indonesia,IDN,2011,12.28,Asia,3579.46442466152,100.135
Indonesia,IDN,2012,14.52,Asia,3632.27254030331,111.581
Indonesia,IDN,2013,14.94,Asia,3566.60284506078,122.425
Indonesia,IDN,2014,17.1432,Asia,3441.06808464008,125.767
Indonesia,IDN,2015,22.0627,Asia,3288.22269725538,129.469
Indonesia,IDN,2016,25.4474,Asia,3521.46943457574,145.704
Indonesia,IDN,2017,32.3358,Asia,3798.88326174526,162.783
Indonesia,IDN,2018,39.9046,Asia,3860.95353090726,118.33
Indonesia,IDN,2019,47.6906,Asia,4106.94856160358,125.244
Indonesia,IDN,2020,53.7265,Asia,3853.70288774146,129.404
Indonesia,IDN,2021,62.1045,Asia,4287.17313995098,132.199
Indonesia,IDN,2022,66.4846,Asia,4730.83484836107,122.873
India,IND,2000,0.527532,Asia,442.750218937263,0.338124
India,IND,2001,0.660146,Asia,450.357900514128,0.606736
India,IND,2002,1.53788,Asia,469.149928973927,1.1844
India,IND,2003,1.68649,Asia,544.143133545002,3.01665
India,IND,2004,1.97614,Asia,624.258826510066,4.59687
India,IND,2005,2.38807,Asia,710.488080408949,7.80652
India,IND,2006,2.8055,Asia,801.668353659022,14.1575
India,IND,2007,3.95,Asia,1021.88707706826,19.6208
India,IND,2008,4.38,Asia,992.519584923828,28.7177
India,IND,2009,5.12,Asia,1094.94974598436,42.8461
India,IND,2010,7.5,Asia,1347.51939071367,60.4906
India,IND,2011,10.07,Asia,1445.46127486037,70.8726
India,IND,2012,11.1,Asia,1429.32199520032,67.6264
India,IND,2013,12.3,Asia,1432.84397512195,68.3967
India,IND,2014,13.5,Asia,1553.88396075118,71.9367
India,IND,2015,14.9,Asia,1583.99815907985,75.3793
India,IND,2016,16.5,Asia,1707.50892912243,83.9178
India,IND,2017,18.2,Asia,1950.10468280866,85.9704
India,IND,2018,20.0813,Asia,1966.25455171679,85.5501
India,IND,2019,29.5235,Asia,2041.42863698585,82.8981
India,IND,2020,43.4054,Asia,1907.04251637669,82.254
India,IND,2022,55.9,Asia,2347.44829434623,80.1818
Ireland,IRL,2000,17.8505,Europe,26334.5672050501,64.7191
Ireland,IRL,2001,23.1388,Europe,28282.409882073,76.8836
Ireland,IRL,2002,25.85,Europe,32705.4345565698,76.3661
Ireland,IRL,2003,34.31,Europe,41203.5295847568,87.6548
Ireland,IRL,2004,36.99,Europe,47754.2023194244,94.9321
Ireland,IRL,2005,41.61,Europe,50933.0216095589,102.761
Ireland,IRL,2006,54.82,Europe,54329.1618599624,109.871
Ireland,IRL,2007,61.1583,Europe,61396.417461176,113.138
Ireland,IRL,2008,65.34,Europe,61353.1065629523,112.531
Ireland,IRL,2009,67.38,Europe,52133.0906162544,103.766
Ireland,IRL,2010,69.85,Europe,48623.9666422487,103.123
Ireland,IRL,2011,74.89,Europe,52613.8540355689,107.135
Ireland,IRL,2012,76.92,Europe,49335.8408099555,108.99
Ireland,IRL,2013,78.2477,Europe,52537.6108648692,105.538
Ireland,IRL,2014,83.4917,Europe,57214.5379785709,105.461
Ireland,IRL,2015,83.4948,Europe,64250.1385181257,104.243
Ireland,IRL,2016,83.5,Europe,64129.5571542383,102.558
Ireland,IRL,2017,84.114,Europe,72161.4047531385,101.842
Ireland,IRL,2018,87.0001,Europe,80804.1123164826,102.03
Ireland,IRL,2019,87.0001,Europe,81827.6688873996,104.598
Ireland,IRL,2020,91.9999,Europe,86514.0706108754,105.046
Ireland,IRL,2021,96.4235,Europe,103783.446284479,106.87
Ireland,IRL,2022,96.6206,Europe,105190.685952731,110.609
"Iran, Islamic Rep.",IRN,2000,0.93419,Asia,1650.01385833785,1.44928
"Iran, Islamic Rep.",IRN,2001,1.48422,Asia,1881.02266635283,3.09458
"Iran, Islamic Rep.",IRN,2002,4.62618,Asia,1891.25756091033,3.35112
"Iran, Islamic Rep.",IRN,2003,6.93372,Asia,2208.99636552406,5.01659
"Iran, Islamic Rep.",IRN,2004,7.49,Asia,2672.4226651404,7.22451
"Iran, Islamic Rep.",IRN,2005,8.1,Asia,3132.0508192007,11.8484
"Iran, Islamic Rep.",IRN,2006,8.76,Asia,3618.91601364428,20.963
"Iran, Islamic Rep.",IRN,2007,9.47,Asia,4687.99166260718,39.9047
"Iran, Islamic Rep.",IRN,2008,12.02,Asia,5377.4115072957,56.9429
"Iran, Islamic Rep.",IRN,2009,13.8,Asia,5415.52280553446,68.7372
"Iran, Islamic Rep.",IRN,2010,15.9,Asia,6291.19443655454,69.8155
"Iran, Islamic Rep.",IRN,2011,19,Asia,8025.68743364356,71.4984
"Iran, Islamic Rep.",IRN,2012,22.73,Asia,8114.08099831877,73.2734
"Iran, Islamic Rep.",IRN,2013,29.95,Asia,6222.74194840326,81.137200000000007
"Iran, Islamic Rep.",IRN,2014,39.3536,Asia,5672.06372896319,84.5269
"Iran, Islamic Rep.",IRN,2015,45.335,Asia,4952.73355532178,89.8322
"Iran, Islamic Rep.",IRN,2016,53.2268,Asia,5710.59947089104,96.0722
"Iran, Islamic Rep.",IRN,2017,64.044,Asia,6000.93346404409,102.376
"Iran, Islamic Rep.",IRN,2018,70.2006,Asia,4783.01067340237,103.024
"Iran, Islamic Rep.",IRN,2019,72.4509,Asia,3997.4935449585,135.622
"Iran, Islamic Rep.",IRN,2020,75.5699,Asia,3202.50003502169,145.486
"Iran, Islamic Rep.",IRN,2021,78.5957,Asia,4605.14881318992,153.625
"Iran, Islamic Rep.",IRN,2022,79.061,Asia,4721.20437099984,162.713
Iraq,IRQ,2001,0.1,Asia,1435.695683789,0
Iraq,IRQ,2002,0.5,Asia,1266.15961275094,0.0769037
Iraq,IRQ,2003,0.6,Asia,817.887862499622,0.298478
Iraq,IRQ,2004,0.9,Asia,1328.37157628292,2.08138
Iraq,IRQ,2005,0.9,Asia,1762.39360423421,5.39647
Iraq,IRQ,2006,0.952344,Asia,2276.55435744086,32.6573
Iraq,IRQ,2007,0.93,Asia,3128.99010329066,49.3851
Iraq,IRQ,2008,1,Asia,4542.96609046032,60.5053
Iraq,IRQ,2009,1.06,Asia,3714.71205987194,66.9264
Iraq,IRQ,2010,2.5,Asia,4461.75196161555,74.9368
Iraq,IRQ,2011,5,Asia,5775.54229080293,79.3466
Iraq,IRQ,2012,7.1,Asia,6477.59618450955,79.5012
Iraq,IRQ,2013,9.2,Asia,6650.35282247395,91.9733
Iraq,IRQ,2014,11.6453,Asia,6249.39226978969,90.2871
Iraq,IRQ,2015,15.2,Asia,4440.14189252367,89.3464
Iraq,IRQ,2016,19.9,Asia,4334.42096404188,86.9439
Iraq,IRQ,2017,49.36,Asia,4759.2846435467,84.9465
Iraq,IRQ,2018,33.9,Asia,5646.68932074742,90.716
Iraq,IRQ,2019,44.3263,Asia,5671.8568632942,90.3685
Iraq,IRQ,2020,53.6778,Asia,4295.18945121228,88.9799
Iraq,IRQ,2021,65.0022,Asia,4868.49431080783,94.6093
Iraq,IRQ,2022,78.7156,Asia,6520.73154560584,99.1324
Iceland,ISL,2000,44.4705,Europe,32503.578963236,76.3993
Iceland,ISL,2001,49.393,Europe,29208.1981853568,87.0473
Iceland,ISL,2002,79.12,Europe,32749.379004627,90.5534
Iceland,ISL,2003,83.14,Europe,39944.2104095591,96.5695
Iceland,ISL,2004,83.88,Europe,47809.6073050042,99.2812
Iceland,ISL,2005,87,Europe,57783.7745608117,95.3759
Iceland,ISL,2006,89.51,Europe,58172.1426656622,99.3576
Iceland,ISL,2007,90.6,Europe,70483.0117228535,104.636
Iceland,ISL,2008,91,Europe,57489.3399795216,106.112
Iceland,ISL,2009,93,Europe,41483.7843682814,106.623
Iceland,ISL,2010,93.39,Europe,43776.4677400475,107.204
Iceland,ISL,2011,94.8197,Europe,48254.953927254,107.817
Iceland,ISL,2012,96.2098,Europe,46594.9869146614,109.747
Iceland,ISL,2013,96.5468,Europe,50173.3360061057,109.997
Iceland,ISL,2014,98.158,Europe,55140.364935793,112.987
Iceland,ISL,2015,98.2,Europe,53505.6964079339,116.004
Iceland,ISL,2016,98.24,Europe,62854.0906407932,119.679
Iceland,ISL,2017,98.2552,Europe,72976.3729990975,116.796
Iceland,ISL,2018,99.011,Europe,75633.8651351915,116.581
Iceland,ISL,2019,99.5049,Europe,69296.3144361601,114.623
Iceland,ISL,2020,99.5328,Europe,60127.9393575616,114.939
Iceland,ISL,2021,99.687,Europe,70425.4064277273,117.343
Iceland,ISL,2022,99.8082,Europe,76350.4550416502,120.115
Israel,ISR,2000,20.8738,Asia,21706.5194056329,71.9991
Israel,ISR,2001,17.3786,Asia,20966.3052667971,87.8696
Israel,ISR,2002,17.7646,Asia,19076.4584298321,98.6269
Israel,ISR,2003,19.5934,Asia,19643.4690380742,101.777
Israel,ISR,2004,22.7705,Asia,20568.0694088834,109.174
Israel,ISR,2005,25.194,Asia,21286.8388636595,115.291
Israel,ISR,2006,27.8811,Asia,22527.2619795719,122.79
Israel,ISR,2007,48.1281,Asia,25721.2594077311,127.857
Israel,ISR,2008,59.39,Asia,30269.217773489,126.817
Israel,ISR,2009,63.12,Asia,28508.4938886475,125.2
Israel,ISR,2010,67.5,Asia,31439.0887027614,124.183
Israel,ISR,2011,68.8739,Asia,34522.5215979073,123.142
Israel,ISR,2012,70.8,Asia,33321.4300881602,121.257
Israel,ISR,2013,70.2503,Asia,37034.3161080785,122.59
Israel,ISR,2014,75.0178,Asia,38343.3046626235,120.296
Israel,ISR,2015,77.3521,Asia,36213.1041481958,131.257
Israel,ISR,2016,79.6531,Asia,37671.5389138798,128.745
Israel,ISR,2017,81.5812,Asia,41138.470964272,126.049
Israel,ISR,2018,83.7332,Asia,42362.6652754196,125.733
Israel,ISR,2019,86.7879,Asia,44250.6313628073,135.143
Israel,ISR,2020,90.1273,Asia,44575.5719045492,139.426
Israel,ISR,2021,90.2969,Asia,52270.9040241956,139.775
Israel,ISR,2022,91.8508,Asia,54949.621556429,151.138
Italy,ITA,2000,23.1109,Europe,20190.0035636084,73.7635
Italy,ITA,2001,27.2221,Europe,20570.4385917862,89.4256
Italy,ITA,2002,28.04,Europe,22451.3964379368,94.3912
Italy,ITA,2003,29.04,Europe,27577.5700319855,98.3206
Italy,ITA,2004,33.24,Europe,31348.1901841445,107.861
Italy,ITA,2005,35,Europe,32062.723833669,122.181
Italy,ITA,2006,37.99,Europe,33537.1286994269,136.871
Italy,ITA,2007,40.79,Europe,37826.1754554823,151.925
Italy,ITA,2008,44.53,Europe,40828.5795580937,151.676
Italy,ITA,2009,48.83,Europe,37099.6133958219,150.295
Italy,ITA,2010,53.68,Europe,35856.8625485539,155.684
Italy,ITA,2011,54.39,Europe,38432.3742820019,159.093
Italy,ITA,2012,55.83,Europe,34854.3949441965,160.559
Italy,ITA,2013,58.4593,Europe,35701.6746002376,159.698
Italy,ITA,2014,55.6385,Europe,36028.3494022349,148.217
Italy,ITA,2015,58.1417,Europe,30639.8829751432,144.764
Italy,ITA,2016,61.3243,Europe,31391.5692898108,142.127
Italy,ITA,2017,63.0773,Europe,32844.115660604,138.882
Italy,ITA,2018,74.387200000000007,Europe,34904.1081923834,138.265
Italy,ITA,2019,67.8507,Europe,33812.788724868,132.181
Italy,ITA,2020,70.4834,Europe,32091.4866621366,129.49
Italy,ITA,2021,74.8623,Europe,36852.5425414951,130.781
Italy,ITA,2022,85.0607,Europe,35653.9042103495,131.674
Jamaica,JAM,2000,3.11578,Americas,3453.09252800226,14.0712
Jamaica,JAM,2001,3.86302,Americas,3503.55026688858,22.7795
Jamaica,JAM,2002,6.1,Americas,3680.64551727724,47.148
Jamaica,JAM,2003,7.8,Americas,3549.70758394618,59.337
Jamaica,JAM,2004,10,Americas,3807.56293124552,68.7649
Jamaica,JAM,2005,12.8,Americas,4184.43974867497,73.7408
Jamaica,JAM,2006,16.4,Americas,4417.00127135363,84.2161
Jamaica,JAM,2007,21.1,Americas,4716.48612542727,98.9141
Jamaica,JAM,2008,23.6,Americas,5029.80095281745,99.9152
Jamaica,JAM,2009,24.3,Americas,4428.38153333557,108.004
Jamaica,JAM,2010,27.67,Americas,4809.977380312,115.769
Jamaica,JAM,2011,37.4386,Americas,5232.63644918132,106.698
Jamaica,JAM,2012,33.79,Americas,5340.83333232158,97.9263
Jamaica,JAM,2013,37.1,Americas,5124.21301411137,102.246
Jamaica,JAM,2014,40.4027,Americas,4975.11325459872,107.579
Jamaica,JAM,2015,42.2212,Americas,5339.30718256806,111.942
Jamaica,JAM,2016,44.3669,Americas,5302.29553353854,116.279
Jamaica,JAM,2017,55.0721,Americas,5605.43541173019,109.783
Jamaica,JAM,2018,68.2145,Americas,5976.90362644337,105.137
Jamaica,JAM,2019,70.841,Americas,6030.68896415921,107.105
Jamaica,JAM,2020,76.384,Americas,5299.04530804283,101.502
Jamaica,JAM,2021,82.3607,Americas,5625.67806271236,102.387
Jamaica,JAM,2022,82.4453,Americas,6626.47502388538,105.762
Jordan,JOR,2000,2.62328,Asia,1570.61002940477,7.22021
Jordan,JOR,2001,4.70572,Asia,1632.29454010563,15.7418
Jordan,JOR,2002,6.02553,Asia,1706.26744384401,21.7162
Jordan,JOR,2003,8.46601,Asia,1775.67625581432,23.0817
Jordan,JOR,2004,11.6587,Asia,1940.08641342805,27.6112
Jordan,JOR,2005,12.9329,Asia,2087.87079273635,52.0384
Jordan,JOR,2006,13.8671,Asia,2342.63459574933,67.572
Jordan,JOR,2007,20,Asia,2506.20599484139,69.8913
Jordan,JOR,2008,23,Asia,3241.6524135556,76.0181
Jordan,JOR,2009,26,Asia,3435.8337590698,84.2141
Jordan,JOR,2010,27.2,Asia,3718.46571622945,90.7217
Jordan,JOR,2011,34.9,Asia,3946.85503855525,100.029
Jordan,JOR,2012,37,Asia,4169.50470054618,118.414
Jordan,JOR,2013,41.4,Asia,4311.21916713038,129.057
Jordan,JOR,2014,46.2,Asia,4191.18050084986,126.169
Jordan,JOR,2015,54.22,Asia,4042.75678097555,144.561
Jordan,JOR,2016,56.15,Asia,3986.71677010853,98.122
Jordan,JOR,2017,64.5,Asia,4065.61628749384,94.8121
Jordan,JOR,2018,65.2,Asia,4145.43989673265,83.4592
Jordan,JOR,2019,70.0847,Asia,4170.1144003465,72.8903
Jordan,JOR,2020,78.4178,Asia,4022.0401356135,64.3143
Jordan,JOR,2021,86,Asia,4183.49998326866,65.7449
Jordan,JOR,2022,90.5,Asia,4332.25159897931,67.7457
Japan,JPN,2000,29.9907,Asia,39169.3595701504,52.5746
Japan,JPN,2001,38.5321,Asia,34406.1824638092,58.7923
Japan,JPN,2002,46.5942,Asia,32820.7936433254,63.6299
Japan,JPN,2003,48.4353,Asia,35387.0374203599,67.8735
Japan,JPN,2004,62.3939,Asia,38298.9801712303,71.5671
Japan,JPN,2005,66.9211,Asia,37812.8950199948,75.4292
Japan,JPN,2006,68.6853,Asia,35991.546002862,77.9907
Japan,JPN,2007,74.3,Asia,35779.0245416427,83.8012
Japan,JPN,2008,75.4,Asia,39876.3039685725,86.1411
Japan,JPN,2009,78,Asia,41308.9968370512,90.7194
Japan,JPN,2010,78.21,Asia,44968.1562349739,96.1789
Japan,JPN,2011,79.0541,Asia,48760.0789494211,103.642
Japan,JPN,2012,79.4964,Asia,49145.2804308193,110.319
Japan,JPN,2013,88.2194,Asia,40898.6478964744,115.787
Japan,JPN,2014,89.1068,Asia,38475.3952461838,123.822
Japan,JPN,2015,91.058,Asia,34960.6393843385,126.151
Japan,JPN,2016,93.1827,Asia,39375.4731620781,131.215
Japan,JPN,2017,91.7265,Asia,38834.0529341227,135.986
Japan,JPN,2018,88.7464,Asia,39751.1330982711,141.729
Japan,JPN,2019,92.7304,Asia,40415.9567649547,147.21
Japan,JPN,2020,90.2195,Asia,40028.7341726762,154.432
Japan,JPN,2021,82.9141,Asia,40094.5599795288,159.516
Japan,JPN,2022,84.9234,Asia,34065.6438962526,168.603
Kazakhstan,KAZ,2000,0.668594,Asia,1180.0444563226,1.27281
Kazakhstan,KAZ,2001,1.00612,Asia,1422.27331810957,3.73663
Kazakhstan,KAZ,2002,1.67477,Asia,1573.55219932325,6.5595
Kazakhstan,KAZ,2003,2.00041,Asia,1958.02050246511,8.45049
Kazakhstan,KAZ,2004,2.65039,Asia,2722.47407755402,15.4383
Kazakhstan,KAZ,2005,2.96171,Asia,3577.35804001782,33.8049
Kazakhstan,KAZ,2006,3.26837,Asia,5030.13494711519,48.2854
Kazakhstan,KAZ,2007,4.02,Asia,6449.43931096532,75.7982
Kazakhstan,KAZ,2008,11,Asia,8123.54705891736,90.7713
Kazakhstan,KAZ,2009,18.2,Asia,6938.01175663001,102.668
Kazakhstan,KAZ,2010,31.6,Asia,8793.07589980782,115.239
Kazakhstan,KAZ,2011,50.6,Asia,11287.1464926039,147.901
Kazakhstan,KAZ,2012,61.9066,Asia,12018.7966527993,174.709
Kazakhstan,KAZ,2013,63.3042,Asia,13478.459627612,172.955
Kazakhstan,KAZ,2014,66,Asia,12427.7094576939,160.503
Kazakhstan,KAZ,2015,70.8299,Asia,10196.1226255982,145.482
Kazakhstan,KAZ,2016,74.5877,Asia,7475.56688689424,139.051
Kazakhstan,KAZ,2017,76.4267,Asia,8943.08416791984,143.113
Kazakhstan,KAZ,2018,78.9039,Asia,9472.48527327758,137.675
Kazakhstan,KAZ,2019,81.8776,Asia,9457.12614657136,133.88
Kazakhstan,KAZ,2020,85.9426,Asia,8781.50797787648,124.698
Kazakhstan,KAZ,2021,90.924,Asia,9983.60103576902,123.944
Kazakhstan,KAZ,2022,92.2969,Asia,11255.3396437881,125.642
Kenya,KEN,2000,0.31806,Africa,414.626365130846,0.41577
Kenya,KEN,2001,0.619782,Africa,410.70045247481403,1.89758
Kenya,KEN,2002,1.20777,Africa,402.936385605382,3.63815
Kenya,KEN,2003,2.9419,Africa,442.898457253405,4.72713
Kenya,KEN,2004,3.02353,Africa,463.662781300121,7.33478
Kenya,KEN,2005,3.1019,Africa,523.456312433863,12.8839
Kenya,KEN,2006,3.6,Africa,699.80237063381,19.8903
Kenya,KEN,2007,4.4,Africa,840.201439476765,29.8383
Kenya,KEN,2008,5.2,Africa,915.54435473604,41.584
Kenya,KEN,2009,6.1,Africa,1047.9678324485,47.9215
Kenya,KEN,2010,7.2,Africa,1091.51873101194,60.0234
Kenya,KEN,2011,8.8,Africa,1096.14499807675,65.673
Kenya,KEN,2012,10.5,Africa,1285.00536171512,70.0227
Kenya,KEN,2013,13,Africa,1370.87885214659,70.7541
Kenya,KEN,2014,16.5,Africa,1482.81566253497,73.0327
Kenya,KEN,2015,16.5879,Africa,1489.11959777284,80.0958
Kenya,KEN,2016,16.6,Africa,1554.12610314423,80.9772
Kenya,KEN,2017,17.8271,Africa,1667.48447230835,87.0265
Kenya,KEN,2018,19.5,Africa,1836.45275528993,98.5945
Kenya,KEN,2019,22.6688,Africa,1960.40808854893,106.548
Kyrgyz Republic,KGZ,2000,1.0414,Asia,279.621738464365,0.179099
Kyrgyz Republic,KGZ,2001,3.00294,Asia,308.41129550148,0.532339
Kyrgyz Republic,KGZ,2002,2.99927,Asia,321.726775366804,1.03756
Kyrgyz Republic,KGZ,2003,3.90877,Asia,380.505828812441,2.68013
Kyrgyz Republic,KGZ,2004,5.09039,Asia,433.233873286,5.06194
Kyrgyz Republic,KGZ,2005,10.5338,Asia,476.548193640077,10.3244
Kyrgyz Republic,KGZ,2006,12.3069,Asia,543.113512472219,23.8858
Kyrgyz Republic,KGZ,2007,14.03,Asia,721.771577544361,40.8089
Kyrgyz Republic,KGZ,2008,15.7,Asia,966.388569370494,63.5284
Kyrgyz Republic,KGZ,2009,16,Asia,870.198894546917,83.1255
Kyrgyz Republic,KGZ,2010,16.3,Asia,876.954476440354,96.0617
Kyrgyz Republic,KGZ,2011,17.5,Asia,1117.40174350185,112.201
Kyrgyz Republic,KGZ,2012,19.8,Asia,1168.62244675446,119.333
Kyrgyz Republic,KGZ,2013,23,Asia,1269.66303464348,116.218
Kyrgyz Republic,KGZ,2014,28.3,Asia,1264.52668823891,128.231
Kyrgyz Republic,KGZ,2015,30.247,Asia,1105.65193844261,126.284
Kyrgyz Republic,KGZ,2016,40.5,Asia,1103.27489428412,124.639
Kyrgyz Republic,KGZ,2017,50.8,Asia,1221.39046807082,136.138
Kyrgyz Republic,KGZ,2018,62.8,Asia,1283.5203037417,137.742
Kyrgyz Republic,KGZ,2019,64.1,Asia,1421.99927504102,132.777
Kyrgyz Republic,KGZ,2020,72,Asia,1229.51766602907,109.78
Kyrgyz Republic,KGZ,2021,77.1177,Asia,1349.99730650542,108.172
Kyrgyz Republic,KGZ,2022,82.5991,Asia,1739.72018344174,106.926
Cambodia,KHM,2000,0.0470226,Asia,296.426687526334,1.04753
Cambodia,KHM,2001,0.0769561,Asia,327.500984314444,1.76528
Cambodia,KHM,2002,0.226983,Asia,350.147276634294,2.95599
Cambodia,KHM,2003,0.26057,Asia,386.691123931778,3.81878
Cambodia,KHM,2004,0.300437,Asia,444.199067529081,6.50447
Cambodia,KHM,2005,0.317322,Asia,525.797325120926,7.90225
Cambodia,KHM,2006,0.468357,Asia,612.252648550727,12.623
Cambodia,KHM,2007,0.49,Asia,731.692295125426,18.6632
Cambodia,KHM,2008,0.51,Asia,866.283999789749,30.1491
Cambodia,KHM,2009,0.53,Asia,875.748936193569,43.9034
Cambodia,KHM,2010,1.26,Asia,952.274616324008,56.2094
Cambodia,KHM,2011,3.1,Asia,1088.98152823081,93.4415
Cambodia,KHM,2012,4.94,Asia,1192.80263041673,127.835
Cambodia,KHM,2013,6,Asia,1305.6600972686,133.581
Cambodia,KHM,2014,14,Asia,1431.56396469993,132.833
Cambodia,KHM,2015,6.43319,Asia,1547.32010444393,133.458
Cambodia,KHM,2016,32.3985,Asia,1675.19555711109,125.628
Cambodia,KHM,2017,32.9003,Asia,1826.35391688754,115.551
Cambodia,KHM,2019,52.3059,Asia,2225.87705485686,129.957
Cambodia,KHM,2020,53.6508,Asia,2081.73914242939,126.076
Cambodia,KHM,2021,57.9592,Asia,2167.40324198499,117.235
Cambodia,KHM,2022,59.6606,Asia,2325.03050040841,113.392
Kiribati,KIR,2000,1.78523,Oceania,845.367240231973,0.338551
Kiribati,KIR,2001,2.33746,Oceania,718.833787096781,0.437261
Kiribati,KIR,2002,2.5,Oceania,810.10870037444,0.536504
Kiribati,KIR,2003,3,Oceania,1020.50033851394,0.558535
Kiribati,KIR,2004,3.5,Oceania,1083.2688987175,0.640058
Kiribati,KIR,2005,4,Oceania,1161.78341739977,0.663029
Kiribati,KIR,2006,4.5,Oceania,1123.19258990684,0.699881
Kiribati,KIR,2007,6,Oceania,1352.57814048911,0.734804
Kiribati,KIR,2008,7,Oceania,1410.62246914058,0.95949
Kiribati,KIR,2009,8.97,Oceania,1316.62753853678,9.30523
Kiribati,KIR,2010,9.07,Oceania,1522.10068744154,9.74665
Kiribati,KIR,2011,10,Oceania,1771.12926848792,12.4613
Kiribati,KIR,2012,10.7468,Oceania,1843.55336349889,16.0308
Kiribati,KIR,2013,11.5,Oceania,1772.08718317132,17.5688
Kiribati,KIR,2014,12.25,Oceania,1736.70535682101,26.0132
Kiribati,KIR,2015,14.9,Oceania,1639.85274740652,35.0982
Kiribati,KIR,2016,19.4194,Oceania,1742.66799324117,43.89
Kiribati,KIR,2017,25.3096,Oceania,1853.05122713319,38.348
Kiribati,KIR,2018,32.9864,Oceania,1912.73809378187,43.6896
Kiribati,KIR,2019,39.5737,Oceania,1750.9977188915,44.1071
St. Kitts and Nevis,KNA,2000,5.86281,Americas,9319.65545093525,2.65205
St. Kitts and Nevis,KNA,2001,7.71473,Americas,10022.5919235637,4.58906
St. Kitts and Nevis,KNA,2002,21.1524,Americas,10453.6587064313,10.8648
St. Kitts and Nevis,KNA,2003,22.9698,Americas,10175.6295449989,47.6438
St. Kitts and Nevis,KNA,2004,24.7377,Americas,10944.6183741768,62.6147
St. Kitts and Nevis,KNA,2005,34,Americas,11783.7867154145,109.826
St. Kitts and Nevis,KNA,2006,38.5,Americas,13837.8495311219,109.515
St. Kitts and Nevis,KNA,2007,43.5,Americas,14757.9579751035,138.098
St. Kitts and Nevis,KNA,2008,49.2,Americas,16604.9448615905,159.069
St. Kitts and Nevis,KNA,2009,55.7,Americas,16503.4119292794,160.926
St. Kitts and Nevis,KNA,2010,63,Americas,16622.9457908577,170.772
St. Kitts and Nevis,KNA,2011,63.2,Americas,17832.4572919975,164.228
St. Kitts and Nevis,KNA,2012,64,Americas,17532.0559008608,161.589
St. Kitts and Nevis,KNA,2013,64.6,Americas,18580.1301949935,163.59
St. Kitts and Nevis,KNA,2014,65.4,Americas,20219.3954237956,138.036
St. Kitts and Nevis,KNA,2015,66.2,Americas,20328.8003530109,155.051
St. Kitts and Nevis,KNA,2016,67,Americas,21387.5415511103,162.683
St. Kitts and Nevis,KNA,2017,67.8,Americas,22464.9899633959,163.396
St. Kitts and Nevis,KNA,2018,68.6,Americas,22901.3816403197,152.302
St. Kitts and Nevis,KNA,2019,69.4,Americas,23595.4923231291,138.916
St. Kitts and Nevis,KNA,2020,70.2753,Americas,18859.0190361046,133.401
St. Kitts and Nevis,KNA,2021,74.3716,Americas,18361.1449697886,121.256
St. Kitts and Nevis,KNA,2022,75.5566,Americas,21011.5744209816,116.924
"Korea, Rep.",KOR,2000,44.7,Asia,12710.2995795579,57.3408
"Korea, Rep.",KOR,2001,56.6,Asia,11981.4828218758,61.742
"Korea, Rep.",KOR,2002,59.4,Asia,13642.9424537101,68.3786
"Korea, Rep.",KOR,2003,65.5,Asia,15211.5483770422,70.6984
"Korea, Rep.",KOR,2004,72.7,Asia,17121.6301633201,76.705
"Korea, Rep.",KOR,2005,73.5,Asia,20167.0474902506,80.1275
"Korea, Rep.",KOR,2006,78.1,Asia,22609.7059431449,83.7326
"Korea, Rep.",KOR,2007,78.8,Asia,25078.4853957105,92.094
"Korea, Rep.",KOR,2008,81,Asia,22252.3125108061,94.3141
"Korea, Rep.",KOR,2009,81.6,Asia,19937.3029137734,98.759
"Korea, Rep.",KOR,2010,83.7,Asia,24071.2620526362,104.097
"Korea, Rep.",KOR,2011,83.7591,Asia,26175.2398553363,106.878
"Korea, Rep.",KOR,2012,84.07,Asia,26600.5477433903,108.115
"Korea, Rep.",KOR,2013,84.77,Asia,28449.3591104972,109.206
"Korea, Rep.",KOR,2014,87.5568,Asia,30667.0912467447,113.359
"Korea, Rep.",KOR,2015,89.8963,Asia,30171.7906545222,115.595
"Korea, Rep.",KOR,2016,92.843,Asia,30832.0628072516,119.49
"Korea, Rep.",KOR,2017,95.0694,Asia,33296.9845439195,123.642
"Korea, Rep.",KOR,2018,96.0229,Asia,35363.9508228687,128.495
"Korea, Rep.",KOR,2019,96.1576,Asia,33826.9443301597,133.08
"Korea, Rep.",KOR,2020,96.5051,Asia,33645.7719545073,135.973
"Korea, Rep.",KOR,2021,97.5713,Asia,37518.4635305697,140.516
"Korea, Rep.",KOR,2022,97.1686,Asia,34822.4048404971,148.684
Kuwait,KWT,2000,6.7314,Asia,19296.3471698729,24.3515
Kuwait,KWT,2001,8.55179,Asia,17374.2318664227,43.7185
Kuwait,KWT,2002,10.249,Asia,18512.7523035862,59.5639
Kuwait,KWT,2003,22.4029,Asia,22690.655175144,67.3024
Kuwait,KWT,2004,22.9271,Asia,27552.2827399787,82.2579
Kuwait,KWT,2005,25.9261,Asia,36122.6142741227,61.7888
Kuwait,KWT,2006,28.7912,Asia,42946.6374104066,49.8819
Kuwait,KWT,2007,34.8,Asia,45709.4132876371,56.8764
Kuwait,KWT,2008,42,Asia,55585.1889344442,56.5701
Kuwait,KWT,2009,50.8,Asia,37907.1001320042,93.6658
Kuwait,KWT,2010,61.4,Asia,39212.252220155,135.19
Kuwait,KWT,2011,65.7691,Asia,49169.6063813095,157.499
Kuwait,KWT,2012,70.45,Asia,52155.2225833921,152.831
Kuwait,KWT,2013,75.46,Asia,49651.0439275077,182.738
Kuwait,KWT,2014,78.7,Asia,44368.7813457751,207.324
Kuwait,KWT,2015,82,Asia,29882.2126495698,199.891
Kuwait,KWT,2016,85.6,Asia,27323.6890735517,191.294
Kuwait,KWT,2017,98,Asia,29047.6536135703,171.826
Kuwait,KWT,2018,99.5988,Asia,32067.9623756889,164.22
Kuwait,KWT,2019,99.5427,Asia,31707.8737443551,164.942
Kuwait,KWT,2020,99.1059,Asia,25236.0755848941,153.866
Kuwait,KWT,2021,99.7,Asia,34018.6342592913,158.647
Kuwait,KWT,2022,99.7237,Asia,39981.7691035833,168.35
Lao PDR,LAO,2000,0.111044,Asia,318.749852236965,0.233484
Lao PDR,LAO,2001,0.181664,Asia,320.316005439568,0.535092
Lao PDR,LAO,2002,0.267899,Asia,313.350817148131,0.983088
Lao PDR,LAO,2003,0.333912,Asia,355.097216151461,1.97045
Lao PDR,LAO,2004,0.361434,Asia,409.296298284117,3.53172
Lao PDR,LAO,2005,0.850357,Asia,466.061506997741,11.2024
Lao PDR,LAO,2006,1.16989,Asia,579.391947440719,16.9299
Lao PDR,LAO,2007,1.64,Asia,697.323013673925,24.4114
Lao PDR,LAO,2008,3.55,Asia,885.747376088762,32.8857
Lao PDR,LAO,2009,6,Asia,935.03237283283,51.8236
Lao PDR,LAO,2010,7,Asia,1125.91610151261,63.2029
Lao PDR,LAO,2011,9,Asia,1361.54704394913,85.284
Lao PDR,LAO,2012,10.7477,Asia,1563.5650771337,65.9613
Lao PDR,LAO,2013,12.5,Asia,1812.51774424651,69.7677
Lao PDR,LAO,2014,14.26,Asia,1981.03910900473,68.9015
Lao PDR,LAO,2015,18.2,Asia,2121.01339097363,54.7979
Lao PDR,LAO,2016,21.87,Asia,2303.22156035363,57.2966
Lao PDR,LAO,2017,25.5104,Asia,2432.43059478511,52.8888
Lao PDR,LAO,2018,36.3,Asia,2545.1075420815,51.3792
Lao PDR,LAO,2019,47.0323,Asia,2589.32081035237,64.0669
Lao PDR,LAO,2020,54,Asia,2583.77730696131,63.114
Lao PDR,LAO,2021,62,Asia,2526.05105018529,64.7101
Lao PDR,LAO,2022,62.7001,Asia,2046.40440255621,63.3546
Lebanon,LBN,2000,7.95274,Asia,3986.83513941026,17.162
Lebanon,LBN,2001,6.78322,Asia,4009.55929751102,17.4186
Lebanon,LBN,2002,7,Asia,4290.85283803266,17.3654
Lebanon,LBN,2003,8,Asia,4437.71588507526,17.5773
Lebanon,LBN,2004,9,Asia,4600.68371412993,19.2301
Lebanon,LBN,2005,10.14,Asia,4602.19804637945,21.2703
Lebanon,LBN,2006,15,Asia,4635.2514117486,23.2877
Lebanon,LBN,2007,18.74,Asia,5125.25809960149,26.0109
Lebanon,LBN,2008,22.53,Asia,5912.04532820842,28.9725
Lebanon,LBN,2009,30.14,Asia,7090.85493856621,47.8802
Lebanon,LBN,2010,43.68,Asia,7625.81051551165,56.8042
Lebanon,LBN,2011,52,Asia,7834.96257108993,67.8304
Lebanon,LBN,2012,61.2498,Asia,8406.98405608118,71.7218
Lebanon,LBN,2013,70.5,Asia,8162.37929361396,67.6382
Lebanon,LBN,2014,73,Asia,7577.6413302369,69.1237
Lebanon,LBN,2015,74,Asia,7714.1099998804,71.961
Lebanon,LBN,2016,76.11,Asia,8089.012088155,67.642
Lebanon,LBN,2017,78.1808,Asia,8608.21084982387,71.4122
Lebanon,LBN,2018,80.9,Asia,9174.53666204759,73.9321
Lebanon,LBN,2019,81.4812,Asia,8905.88005497437,73.1365
Lebanon,LBN,2020,82.0665,Asia,5561.19166950397,75.2003
Lebanon,LBN,2021,82.656,Asia,4045.37391066234,74.9935
Lebanon,LBN,2022,82.798,Asia,3654.35845534878,74.0148
Liberia,LBR,2000,0.0177027,Africa,298.485340578945,0.0512275
Liberia,LBR,2001,0.0338122,Africa,300.463828598983,0.0663276
Liberia,LBR,2002,0.0327133,Africa,299.536445539621,0.161562
Liberia,LBR,2003,0.0318689,Africa,239.779556677091,1.51465
Liberia,LBR,2004,0.0310112,Africa,284.140223992458,2.98933
Liberia,LBR,2007,0.551377,Africa,374.211308104278,15.3446
Liberia,LBR,2008,0.53,Africa,451.713856283285,22.3666
Liberia,LBR,2009,2,Africa,448.386367025545,27.5185
Liberia,LBR,2010,2.3,Africa,492.252808033724,38.7128
Liberia,LBR,2011,2.5,Africa,568.087865520004,47.869
Liberia,LBR,2012,2.6,Africa,638.368751462083,54.4221
Liberia,LBR,2013,3.2,Africa,710.744570927863,57.0613
Liberia,LBR,2014,5.41,Africa,706.714490064507,70.6628
Liberia,LBR,2015,10,Africa,692.590082351257,78.3787
Liberia,LBR,2016,15.7,Africa,714.613063145659,65.5437
Liberia,LBR,2017,16.3,Africa,699.269095727404,54.8575
Liberia,LBR,2018,17.2777,Africa,692.203127129794,NA
Liberia,LBR,2019,18.3141,Africa,658.164180770507,38.4042
Liberia,LBR,2020,19.4126,Africa,616.787867006715,32.1004
Liberia,LBR,2021,20.5771,Africa,667.96610514319,31.4299
Liberia,LBR,2022,21.8966,Africa,744.617175237387,32.0639
Libya,LBY,2000,0.187043,Africa,7214.10040377084,0.754003
Libya,LBY,2001,0.366533,Africa,6312.80030498965,0.925302
Libya,LBY,2002,2.24442,Africa,3718.29434696755,1.27078
Libya,LBY,2003,2.81452,Africa,4674.09943200321,2.26003
Libya,LBY,2004,3.53284,Africa,5773.76333234281,8.71582
Libya,LBY,2005,3.91779,Africa,8079.24957329001,34.1367
Libya,LBY,2006,4.30105,Africa,10048.8480434289,65.676
Libya,LBY,2007,4.722,Africa,11144.9448413435,73.7176
Libya,LBY,2008,9,Africa,13906.1407818125,118.342
Libya,LBY,2009,10.8,Africa,9551.05403869755,149.75
Libya,LBY,2010,14,Africa,11600.9068649472,167.748
Libya,LBY,2011,14,Africa,7593.8391525702,157.649
Libya,LBY,2012,15.2,Africa,14975.8902795144,155.146
Libya,LBY,2013,16.5,Africa,11951.7134126011,162.346
Libya,LBY,2014,17.76,Africa,8926.42074591474,132.204
Libya,LBY,2020,87.5754,Africa,6650.33810585348,164.987
Libya,LBY,2021,88.5598,Africa,4935.82787349801,195.118
Libya,LBY,2022,88.6412,Africa,5986.63694851258,192.973
St. Lucia,LCA,2000,5.09048,Americas,5879.56191426207,1.57613
St. Lucia,LCA,2001,8.18186,Americas,5570.45247098106,1.685
St. Lucia,LCA,2002,14.6418,Americas,5567.89428424719,8.85481
St. Lucia,LCA,2003,20.9825,Americas,6058.60622059326,60.7451
St. Lucia,LCA,2004,21.3952,Americas,6494.60034867886,61.4957
St. Lucia,LCA,2005,21.5676,Americas,6863.43641919345,63.8598
St. Lucia,LCA,2006,24.5,Americas,7611.17856675319,63.3705
St. Lucia,LCA,2007,27.9,Americas,7964.38211480117,87.6262
St. Lucia,LCA,2008,30,Americas,8516.96075488787,103.695
St. Lucia,LCA,2009,31,Americas,8250.52180732734,111.697
St. Lucia,LCA,2010,32.5,Americas,8673.68720340529,115.977
St. Lucia,LCA,2011,34,Americas,9128.99442011613,126.035
St. Lucia,LCA,2012,45.865,Americas,9260.30006551714,125.154
St. Lucia,LCA,2013,49.4,Americas,9577.21733754358,122.319
St. Lucia,LCA,2014,53.2,Americas,10044.8218377677,108.162
St. Lucia,LCA,2015,57.3,Americas,10334.9860823918,107.339
St. Lucia,LCA,2016,58.2226,Americas,10638.1269396653,100.57
St. Lucia,LCA,2017,59.1601,Americas,11333.1123822102,100.2
St. Lucia,LCA,2018,60.1126,Americas,11642.6984727769,104.478
St. Lucia,LCA,2019,61.0805,Americas,11794.0597229805,83.1865
St. Lucia,LCA,2020,62.064,Americas,8411.07474936367,81.8687
St. Lucia,LCA,2021,63.0633,Americas,10459.1321248092,96.2374
St. Lucia,LCA,2022,65.3544,Americas,13103.8243147472,98.6676
Liechtenstein,LIE,2000,36.5152,Europe,76087.911114202,30.1996
Liechtenstein,LIE,2001,45.1169,Europe,75067.8001680043,32.8908
Liechtenstein,LIE,2002,59.4707,Europe,79795.1785891101,33.7917
Liechtenstein,LIE,2003,58.8097,Europe,90108.3673647008,73.3999
Liechtenstein,LIE,2004,64.0074,Europe,100280.831356705,74.1516
Liechtenstein,LIE,2005,63.3714,Europe,105295.057027611,79.2799
Liechtenstein,LIE,2006,64.2142,Europe,114167.939211301,82.2159
Liechtenstein,LIE,2007,65.0802,Europe,130492.595349517,90.8789
Liechtenstein,LIE,2008,70,Europe,143249.227302093,95.926
Liechtenstein,LIE,2009,75,Europe,126024.714567466,97.9926
Liechtenstein,LIE,2010,80,Europe,141089.812849014,98.6139
Liechtenstein,LIE,2011,85,Europe,158066.369379163,101.93
Liechtenstein,LIE,2012,89.4077,Europe,148842.035144342,98.59
Liechtenstein,LIE,2013,93.8,Europe,172823.607794648,104.11
Liechtenstein,LIE,2014,95.21,Europe,178735.153020908,109.388
Liechtenstein,LIE,2015,96.6412,Europe,167187.15730982,109.492
Liechtenstein,LIE,2016,98.0939,Europe,165375.491396259,117.767
Liechtenstein,LIE,2017,99.5466,Europe,170547.092298954,122.594
Liechtenstein,LIE,2019,93.1461,Europe,166907.839305016,124.214
Liechtenstein,LIE,2020,94.3499,Europe,164671.093553454,126.105
Liechtenstein,LIE,2021,95.5694,Europe,201944.830335076,126.071
Liechtenstein,LIE,2022,96.4528,Europe,188055.003235348,126.307
Sri Lanka,LKA,2000,0.64741,Asia,860.199884304769,2.22983
Sri Lanka,LKA,2001,0.793822,Asia,803.544026627385,3.40638
Sri Lanka,LKA,2002,1.05042,Asia,834.936014905338,4.70269
Sri Lanka,LKA,2003,1.45858,Asia,946.382255128072,6.98394
Sri Lanka,LKA,2004,1.44616,Asia,1028.62068132555,11.0076
Sri Lanka,LKA,2005,1.79205,Asia,1207.21994764165,16.6288
Sri Lanka,LKA,2006,2.53757,Asia,1388.89739119932,26.5939
Sri Lanka,LKA,2007,3.88,Asia,1578.63451125392,38.958
Sri Lanka,LKA,2014,10.5,Asia,3972.04375736464,102.671
Sri Lanka,LKA,2015,15.26,Asia,4057.7158346231,109.985
Sri Lanka,LKA,2016,22.19,Asia,4149.19190775593,117.738
Sri Lanka,LKA,2017,25.1,Asia,4398.88828068715,127.67
Sri Lanka,LKA,2018,28.3,Asia,4358.56095906047,136.084
Sri Lanka,LKA,2019,32,Asia,4081.94772722003,126.514
Sri Lanka,LKA,2020,36.1847,Asia,3847.60137695639,131.773
Sri Lanka,LKA,2021,44.4531,Asia,3996.96240014909,135.523
Sri Lanka,LKA,2022,48.3,Asia,3342.63650253855,151.727
Lesotho,LSO,2000,0.211806,Africa,442.779545779081,1.07789
Lesotho,LSO,2001,0.26115,Africa,412.677473676821,2.84878
Lesotho,LSO,2002,1.08394,Africa,388.92334985135,6.91605
Lesotho,LSO,2003,1.5325,Africa,583.270036200288,6.3449
Lesotho,LSO,2004,2.17552,Africa,766.685820928242,9.95435
Lesotho,LSO,2005,2.58025,Africa,861.381496414995,12.7894
Lesotho,LSO,2006,2.97971,Africa,925.467485502842,18.4011
Lesotho,LSO,2007,3.44543,Africa,861.188420899563,24.6999
Lesotho,LSO,2008,3.58,Africa,898.482517882593,30.1655
Lesotho,LSO,2009,3.72,Africa,878.847950537772,33.369
Lesotho,LSO,2010,3.86,Africa,1119.47557793042,49.4651
Lesotho,LSO,2011,7,Africa,1280.73390931581,61.1891
Lesotho,LSO,2012,10,Africa,1217.93071228944,75.9364
Lesotho,LSO,2013,15,Africa,1151.03735837227,87.0553
Lesotho,LSO,2014,22,Africa,1173.5377928819,102.822
Lesotho,LSO,2015,25,Africa,1121.19851342518,101.688
Lesotho,LSO,2016,32.4539,Africa,992.491840678465,107.158
Lesotho,LSO,2017,39,Africa,1069.36673247542,110.37
Lesotho,LSO,2018,40.8,Africa,1170.65569702819,72.4555
Lesotho,LSO,2019,42.3017,Africa,1082.05706777516,76.1125
Lesotho,LSO,2020,43.6575,Africa,918.582574704447,69.8944
Lesotho,LSO,2021,45.0567,Africa,1066.58645143823,80.5368
Lesotho,LSO,2022,46.5007,Africa,1030.12582947757,68.1001
Lithuania,LTU,2000,6.42707,Europe,3300.63634928559,14.9697
Lithuania,LTU,2001,7.17936,Europe,3532.52787363242,29.3118
Lithuania,LTU,2002,17.69,Europe,4148.13091485015,47.78
Lithuania,LTU,2003,25.91,Europe,5507.47434187652,61.553
Lithuania,LTU,2004,31.23,Europe,6734.57487061946,90.3593
Lithuania,LTU,2005,36.22,Europe,7857.03148786492,131.039
Lithuania,LTU,2006,43.9,Europe,9210.10118229413,144.296
Lithuania,LTU,2007,49.9,Europe,12295.1212779366,152.012
Lithuania,LTU,2008,55.22,Europe,14955.5345462921,157.032
Lithuania,LTU,2009,59.76,Europe,11854.3711053096,156.848
Lithuania,LTU,2010,62.12,Europe,11829.122609457,157.89
Lithuania,LTU,2011,63.64,Europe,14261.8433787325,163.043
Lithuania,LTU,2012,67.23,Europe,14288.1853493139,167.226
Lithuania,LTU,2013,68.4529,Europe,15636.525258604799,154.341
Lithuania,LTU,2014,72.1335,Europe,16446.1647181663,145.494
Lithuania,LTU,2015,71.3781,Europe,14269.8039878287,143.991
Lithuania,LTU,2016,74.3766,Europe,14934.2702840428,146.55
Lithuania,LTU,2017,77.6153,Europe,16800.1510246099,154.148
Lithuania,LTU,2018,79.7226,Europe,19247.2315367967,134.334
Lithuania,LTU,2019,81.5819,Europe,19608.7943945553,132.529
Lithuania,LTU,2020,83.0555,Europe,20428.6478157394,131.341
Lithuania,LTU,2021,86.9305,Europe,23870.4594851722,133.357
Lithuania,LTU,2022,87.7242,Europe,25085.784063499,135.834
Luxembourg,LUX,2000,22.8873,Europe,48659.5988753233,69.5372
Luxembourg,LUX,2001,36.1634,Europe,48440.1420151355,92.6004
Luxembourg,LUX,2002,39.84,Europe,53005.7339209179,105.961
Luxembourg,LUX,2003,54.55,Europe,65689.3214536911,119.291
Luxembourg,LUX,2004,65.88,Europe,76544.9170868473,102.554
Luxembourg,LUX,2005,70,Europe,80988.1376230858,109.592
Luxembourg,LUX,2006,72.51,Europe,90788.8004876145,150.783
Luxembourg,LUX,2007,78.92,Europe,107475.320297978,142.524
Luxembourg,LUX,2008,82.23,Europe,120422.137934157,144.584
Luxembourg,LUX,2009,87.31,Europe,109419.746953106,144.524
Luxembourg,LUX,2010,90.62,Europe,110885.991378721,143.277
Luxembourg,LUX,2011,90.0299,Europe,119025.057203467,147.512
Luxembourg,LUX,2012,91.9499,Europe,112584.676270958,143.388
Luxembourg,LUX,2013,93.7765,Europe,120000.140729859,145.093
Luxembourg,LUX,2014,94.6702,Europe,123678.702143275,144.244
Luxembourg,LUX,2015,96.3767,Europe,105462.012584423,141.659
Luxembourg,LUX,2016,98.1367,Europe,106899.293549552,130.933
Luxembourg,LUX,2017,97.363,Europe,110193.213797228,133.111
Luxembourg,LUX,2018,97.0613,Europe,116926.759593905,131.327
Luxembourg,LUX,2019,97.1206,Europe,112696.649059674,131.87
Luxembourg,LUX,2020,98.4596,Europe,116860.02817236,132.909
Luxembourg,LUX,2021,98.6609,Europe,134965.815442152,136.871
Luxembourg,LUX,2022,98.242,Europe,123719.658915996,139.651
Latvia,LVA,2000,6.31906,Europe,3278.17896440803,16.9434
Latvia,LVA,2001,7.21935,Europe,3504.61829462397,28.0903
Latvia,LVA,2002,21.94,Europe,4003.60935783538,39.6822
Latvia,LVA,2003,26.98,Europe,4914.57992829302,53.2791
Latvia,LVA,2004,38.58,Europe,6109.73265186817,67.8708
Latvia,LVA,2005,46,Europe,7283.78738127622,83.5617
Latvia,LVA,2006,53.63,Europe,9211.7374468148,98.4076
Latvia,LVA,2007,59.17,Europe,13370.9789452508,100.738
Latvia,LVA,2008,63.41,Europe,15677.6080864506,105.552
Latvia,LVA,2009,66.84,Europe,11996.0322729773,107.542
Latvia,LVA,2010,68.42,Europe,11188.4191700977,109.928
Latvia,LVA,2011,69.75,Europe,12902.574053337,112.091
Latvia,LVA,2012,73.1199,Europe,13329.3499931271,129.305
Latvia,LVA,2013,75.2344,Europe,14484.4715282132,127.073
Latvia,LVA,2014,75.8261,Europe,15185.814581236,119.55
Latvia,LVA,2015,79.2006,Europe,13321.9753140616,130.949
Latvia,LVA,2016,79.8421,Europe,13838.5266823272,135.227
Latvia,LVA,2017,80.1141,Europe,15132.4958333982,126.847
Latvia,LVA,2018,83.5772,Europe,17252.1710428626,107.397
Latvia,LVA,2019,86.1355,Europe,17294.9751600969,108.222
Latvia,LVA,2020,88.898,Europe,17564.2321549354,107.902
Latvia,LVA,2021,91.1796,Europe,20261.8887788916,114.645
Latvia,LVA,2022,91.0301,Europe,20221.103686109,115.203
"Macao SAR, China",MAC,2000,13.6086,Asia,15731.4081633771,32.2545
"Macao SAR, China",MAC,2001,22.5212,Asia,15810.7227666562,43.69
"Macao SAR, China",MAC,2002,25.1719,Asia,16814.9926424134,60.5547
"Macao SAR, China",MAC,2003,25.7421,Asia,18589.8998330534,77.6098
"Macao SAR, China",MAC,2004,31.4841,Asia,23407.1993692194,89.6827
"Macao SAR, China",MAC,2005,34.8629,Asia,25681.2167315221,107.539
"Macao SAR, China",MAC,2006,46.4,Asia,29813.7877167933,125.081
"Macao SAR, China",MAC,2007,47.327,Asia,35400.2334659409,152.089
"Macao SAR, China",MAC,2008,49.24,Asia,38888.5118044503,174.015
"Macao SAR, China",MAC,2009,54,Asia,40354.2810293673,188.792
"Macao SAR, China",MAC,2010,55.198,Asia,52596.2250160214,199.405
"Macao SAR, China",MAC,2011,60.2037,Asia,67046.7284292101,235.079
"Macao SAR, China",MAC,2012,61.31,Asia,76058.0224963659,274.656
"Macao SAR, China",MAC,2013,65.8,Asia,87107.8313063626,287.643
"Macao SAR, China",MAC,2014,69.7809,Asia,88355.3181764446,304.185
"Macao SAR, China",MAC,2015,77.6001,Asia,69902.9605741233,304.751
"Macao SAR, China",MAC,2016,81.643,Asia,68911.6755919628,310.568
"Macao SAR, China",MAC,2017,83.1741,Asia,77570.9876166977,316.602
"Macao SAR, China",MAC,2018,83.7941,Asia,83588.2875009014,331.1
"Macao SAR, China",MAC,2019,86.4679,Asia,81882.6964523869,416.261
"Macao SAR, China",MAC,2020,87.4623,Asia,36883.6652578543,237.344
"Macao SAR, China",MAC,2021,88.4681,Asia,44884.8961602393,183.575
"Macao SAR, China",MAC,2022,87.9696,Asia,36806.891255461,172.245
Morocco,MAR,2000,0.693791,Africa,1499.107421875,8.23968
Morocco,MAR,2001,1.37144,Africa,1506.24523925781,16.5601
Morocco,MAR,2002,2.37325,Africa,1596.02062988281,21.2297
Morocco,MAR,2003,3.35337,Africa,1941.87255859375,24.8885
Morocco,MAR,2004,11.6079,Africa,2183.55541992188,31.1717
Morocco,MAR,2005,15.0844,Africa,2242.98828125,40.822
Morocco,MAR,2006,19.7712,Africa,2438.12646484375,52.0121
Morocco,MAR,2007,21.5,Africa,2755.5859375,64.2243
Morocco,MAR,2008,33.1,Africa,3183.20043945313,72.1861
Morocco,MAR,2009,41.3,Africa,3119.58862304688,79.0201
Morocco,MAR,2010,52,Africa,3067.9853515625,98.507
Morocco,MAR,2011,46.1075,Africa,3301.98876953125,111.064
Morocco,MAR,2012,55.4161,Africa,3164.17724609375,116.972
Morocco,MAR,2013,56,Africa,3379.7431640625,125.56
Morocco,MAR,2014,56.7746,Africa,3435.40698242188,128.972
Morocco,MAR,2015,57.08,Africa,3146.24780273438,124.48
Morocco,MAR,2016,58.2712,Africa,3140.85546875,118.532
Morocco,MAR,2017,61.7622,Africa,3296.52661132813,123.894
Morocco,MAR,2018,64.8039,Africa,3501.69799804688,124.828
Morocco,MAR,2019,84.1204,Africa,3508.09765625,128.875
Morocco,MAR,2020,84.1204,Africa,3268.0302734375,135.088
Morocco,MAR,2021,88.1303,Africa,3785.93627929688,138.911
Morocco,MAR,2022,89.9,Africa,3463.1376953125,141.87
Monaco,MCO,2000,42.1849,Europe,81789.0206522549,42.9117
Monaco,MCO,2001,46.6461,Europe,82402.7809570189,44.078
Monaco,MCO,2002,48.0471,Europe,90051.4459877468,45.8763
Monaco,MCO,2003,49.4912,Europe,111110.451312249,46.5837
Monaco,MCO,2004,52.4902,Europe,125160.228087598,48.751
Monaco,MCO,2005,55.4648,Europe,130538.742587117,53.3716
Monaco,MCO,2006,61.476,Europe,143083.461107202,57.1077
Monaco,MCO,2007,64.3777,Europe,184558.556593338,64.0764
Monaco,MCO,2008,67.25,Europe,204263.797114294,69.1042
Monaco,MCO,2009,70.1,Europe,169150.267344616,71.0666
Monaco,MCO,2010,75,Europe,161853.920622244,70.6028
Monaco,MCO,2011,80.3,Europe,179363.984221513,93.6458
Monaco,MCO,2012,87,Europe,165444.651378771,95.6325
Monaco,MCO,2013,90.7,Europe,184940.663804718,100.048
Monaco,MCO,2014,92.4,Europe,195693.570738894,93.2103
Monaco,MCO,2015,93.3633,Europe,170437.101188261,92.5538
Monaco,MCO,2016,95.2082,Europe,173604.753555915,89.3256
Monaco,MCO,2017,97.053,Europe,170663.375247872,87.5259
Monaco,MCO,2019,83.3397,Europe,193746.785647412,88.6484
Monaco,MCO,2020,98.5709,Europe,176891.886538492,93.2589
Monaco,MCO,2021,99.0776,Europe,223823.363960226,97.1423
Monaco,MCO,2022,99.1497,Europe,226052.001905201,100.062
Moldova,MDA,2000,1.28285,Europe,440.538683980372,3.2822
Moldova,MDA,2001,1.48781,Europe,507.404076252819,5.37022
Moldova,MDA,2002,3.78724,Europe,570.799866188293,8.16391
Moldova,MDA,2003,7.40754,Europe,682.319095965299,11.6213
Moldova,MDA,2004,10.6294,Europe,897.178494749468,19.4481
Moldova,MDA,2005,14.6303,Europe,1034.39197746993,27.3224
Moldova,MDA,2006,19.6206,Europe,1183.02481442894,34.6351
Moldova,MDA,2007,20.45,Europe,1531.21618590748,48.8869
Moldova,MDA,2008,23.39,Europe,2110.55305353857,64.1199
Moldova,MDA,2009,27.5,Europe,1898.43975710988,57.644
Moldova,MDA,2010,29.68,Europe,2436.79935102421,70.2257
Moldova,MDA,2011,32.07,Europe,2941.36224066021,90.442
Moldova,MDA,2012,34.65,Europe,3044.8084324815,102.919
Moldova,MDA,2013,37.44,Europe,3321.04397795719,108.452
Moldova,MDA,2014,67,Europe,3289.95758568777,111.829
Moldova,MDA,2015,69,Europe,2749.55137054338,112.959
Moldova,MDA,2016,71,Europe,2847.08794770479,117.008
Moldova,MDA,2017,49.9,Europe,3453.26727720294,117.321
Moldova,MDA,2018,50.3,Europe,4156.44981956646,115.32
Moldova,MDA,2019,57.7605,Europe,4405.33418162155,116.105
Moldova,MDA,2020,58.2153,Europe,4375.7788930524,111.445
Moldova,MDA,2021,74.495,Europe,5274.60582195352,128.984
Moldova,MDA,2022,76.7412,Europe,5744.29618434435,137.183
Madagascar,MDG,2000,0.196395,Africa,280.282905559649,0.38201
Madagascar,MDG,2001,0.222512,Africa,319.283278235657,0.865969
Madagascar,MDG,2002,0.33972,Africa,304.941777398445,0.928837
Madagascar,MDG,2003,0.423252,Africa,352.620095849925,1.56966
Madagascar,MDG,2004,0.525354,Africa,272.20074858856,1.79446
Madagascar,MDG,2005,0.567722,Africa,305.812074924388,2.66324
Madagascar,MDG,2006,0.607552,Africa,324.146874882604,5.30076
Madagascar,MDG,2007,0.65,Africa,419.548001431865,10.9142
Madagascar,MDG,2008,1.65,Africa,512.579800058444,23.1088
Madagascar,MDG,2009,1.63,Africa,446.315238370592,29.1628
Madagascar,MDG,2010,1.7,Africa,450.009391645726,34.7636
Madagascar,MDG,2011,1.9,Africa,506.163691559309,38.0364
Madagascar,MDG,2012,2.3,Africa,493.511162904211,37.4155
Madagascar,MDG,2013,3,Africa,515.301589361832,35.0949
Madagascar,MDG,2014,3.7,Africa,505.684922503435,39.2253
Madagascar,MDG,2015,4.17397,Africa,445.320069480568,42.0572
Madagascar,MDG,2016,4.71366,Africa,453.970714522463,30.6447
Madagascar,MDG,2017,6.4,Africa,491.866848718929,32.5906
Madagascar,MDG,2018,7.7478,Africa,500.45718552916,38.7516
Madagascar,MDG,2019,9.37944,Africa,499.818837622534,46.078
Madagascar,MDG,2020,11.3547,Africa,450.771615201509,54.8085
Madagascar,MDG,2021,13.7459,Africa,483.469463351195,53.9177
Madagascar,MDG,2022,18.5532,Africa,503.51453347296,64.7495
Maldives,MDV,2000,2.20387,Asia,2213.81235053178,2.70833
Maldives,MDV,2001,3.61729,Asia,3033.93234507036,6.58862
Maldives,MDV,2002,5.34777,Asia,3076.07007160101,14.3679
Maldives,MDV,2003,5.97659,Asia,3548.5767011056,22.4175
Maldives,MDV,2004,6.58825,Asia,4070.2609459446,37.5717
Maldives,MDV,2005,6.86961,Asia,3796.51546524644,66.4493
Maldives,MDV,2006,11.0364,Asia,5018.94335409159,86.3636
Maldives,MDV,2007,16.3,Asia,5758.10286933053,96.6284
Maldives,MDV,2008,23.2,Asia,6757.43280929292,129.585
Maldives,MDV,2009,24.8,Asia,6734.03165601895,131.439
Maldives,MDV,2010,26.53,Asia,7173.59601844692,137.018
Maldives,MDV,2011,34,Asia,7424.520410971,141.955
Maldives,MDV,2012,38.9301,Asia,7461.29703686309,144.912
Maldives,MDV,2013,44.1,Asia,8236.08177944126,156.263
Maldives,MDV,2014,49.28,Asia,8939.07416571472,160.975
Maldives,MDV,2015,54.462,Asia,9644.90655028145,172.786
Maldives,MDV,2016,59.5,Asia,9947.80744731739,183.197
Maldives,MDV,2017,65,Asia,10509.628805812,196.41
Maldives,MDV,2018,70.9,Asia,11423.2838427029,181.343
Maldives,MDV,2019,77.4697,Asia,11740.2724029785,169.774
Maldives,MDV,2020,79.0978,Asia,7393.8886543933,142.936
Maldives,MDV,2021,81.9576,Asia,10176.143882547,136.789
Maldives,MDV,2022,83.9119,Asia,11786.0191492983,136.459
Mexico,MEX,2000,5.08138,Americas,7524.0271380091,14.2741
Mexico,MEX,2001,7.03802,Americas,7952.76479510706,21.736
Mexico,MEX,2002,11.9,Americas,7983.03398381759,25.5329
Mexico,MEX,2003,12.9,Americas,7434.0746485155,29.2272
Mexico,MEX,2004,14.1,Americas,7849.66759649565,36.8327
Mexico,MEX,2005,17.21,Americas,8671.75891885163,44.5403
Mexico,MEX,2006,19.52,Americas,9512.63575346699,51.649
Mexico,MEX,2007,20.81,Americas,10134.3327138119,61.1904
Mexico,MEX,2008,21.71,Americas,10523.7685403244,68.2256
Mexico,MEX,2009,26.34,Americas,8423.56933214711,74.2802
Mexico,MEX,2010,31.05,Americas,9728.80078377082,80.4263
Mexico,MEX,2011,37.1763,Americas,10664.4944032313,82.0725
Mexico,MEX,2012,39.75,Americas,10744.1335242686,86.2256
Mexico,MEX,2013,43.46,Americas,11216.8008505428,90.2012
Mexico,MEX,2014,44.3857,Americas,11391.3773497683,87.6145
Mexico,MEX,2015,57.431,Americas,10021.2386118827,88.9454
Mexico,MEX,2016,59.5404,Americas,9097.92397674769,91.3942
Mexico,MEX,2017,53.0318,Americas,9649.27816772402,92.6494
Mexico,MEX,2018,56.6596,Americas,10084.7937562021,96.4612
Mexico,MEX,2019,69.6321,Americas,10369.555358527101,97.0359
Mexico,MEX,2020,71.4902,Americas,8841.27075039868,96.9237
Mexico,MEX,2021,75.6265,Americas,10314.0506722115,99.0948
Mexico,MEX,2022,78.6322,Americas,11405.7940473759,105.713
Marshall Islands,MHL,2000,1.53427,Oceania,2264.79114897645,0.881552
Marshall Islands,MHL,2001,1.70661,Oceania,2394.34501105178,0.956517
Marshall Islands,MHL,2002,2.33544,Oceania,2566.06708799222,1.07341
Marshall Islands,MHL,2003,2.56975,Oceania,2539.3307383954,1.15804
Marshall Islands,MHL,2004,3.59978,Oceania,2566.08291015814,1.24346
Marshall Islands,MHL,2005,3.8787,Oceania,2658.65217893885,1.27153
Marshall Islands,MHL,2006,3.79559,Oceania,2754.26988767503,NA
Marshall Islands,MHL,2007,3.95,Oceania,2892.28403958874,NA
Marshall Islands,MHL,2008,4.6,Oceania,2817.60522775322,NA
Marshall Islands,MHL,2009,5.6,Oceania,2906.63026970914,NA
Marshall Islands,MHL,2010,7,Oceania,3095.45768964722,NA
Marshall Islands,MHL,2011,10,Oceania,3319.39815439151,NA
Marshall Islands,MHL,2012,12.5,Oceania,3514.26515490383,NA
Marshall Islands,MHL,2013,14,Oceania,3677.90690791421,NA
Marshall Islands,MHL,2014,16.8,Oceania,3735.23977829545,31.127
Marshall Islands,MHL,2015,19.2824,Oceania,3764.34426229508,31.7623
Marshall Islands,MHL,2016,29.7878,Oceania,4229.80988911945,NA
Marshall Islands,MHL,2017,38.7012,Oceania,4592.83457628576,34.3872
Marshall Islands,MHL,2018,43.8825,Oceania,4858.12079054875,NA
Marshall Islands,MHL,2019,49.7575,Oceania,5292.33985502306,36.3579
Marshall Islands,MHL,2020,56.4191,Oceania,5661.96787336674,37.4655
Marshall Islands,MHL,2021,63.9726,Oceania,6315.31279603534,38.6782
Marshall Islands,MHL,2022,64.8023,Oceania,6455.66062185762,39.7061
North Macedonia,MKD,2000,2.48557,Europe,1861.89899780644,5.62634
North Macedonia,MKD,2001,3.46818,Europe,1823.02267682636,10.8055
North Macedonia,MKD,2002,17.33,Europe,1989.13537265159,17.6114
North Macedonia,MKD,2003,19.07,Europe,2445.36286400013,37.2824
North Macedonia,MKD,2004,24.44,Europe,2818.5814561242,47.2352
North Macedonia,MKD,2005,26.45,Europe,3120.98401394233,54.1201
North Macedonia,MKD,2006,28.62,Europe,3440.4411057968,60.4931
North Macedonia,MKD,2007,36.3,Europe,4204.11328760452,86.1891
North Macedonia,MKD,2008,46.04,Europe,5026.4202989873,95.0115
North Macedonia,MKD,2009,51.77,Europe,4799.78722768888,94.3035
North Macedonia,MKD,2010,51.9,Europe,4833.36586759968,104.968
North Macedonia,MKD,2011,56.7,Europe,5416.86672931659,108.468
North Macedonia,MKD,2012,57.4499,Europe,5049.8265386157,110.268
North Macedonia,MKD,2013,65.24,Europe,5626.26115664893,111.125
North Macedonia,MKD,2014,68.0585,Europe,5925.38592218015,111.343
North Macedonia,MKD,2015,70.3802,Europe,5262.68671928674,105.212
North Macedonia,MKD,2016,72.1568,Europe,5598.48622617967,104.55
North Macedonia,MKD,2017,74.5168,Europe,5955.2973863451,103.459
North Macedonia,MKD,2018,79.1678,Europe,6713.98925398989,102.572
North Macedonia,MKD,2019,81.4129,Europe,6718.85826635458,101.232
North Macedonia,MKD,2020,81.4055,Europe,6659.59651070776,99.4724
North Macedonia,MKD,2021,81.8737,Europe,7620.80296977508,104.875
North Macedonia,MKD,2022,85.008,Europe,7606.2375253797,111.303
Mali,MLI,2000,0.142546,Africa,304.652870194271,0.0899536
Mali,MLI,2001,0.185897,Africa,346.224554251022,0.20145
Mali,MLI,2002,0.227046,Africa,378.191678628285,0.374136
Mali,MLI,2003,0.310364,Africa,441.910358475095,1.94895
Mali,MLI,2004,0.43282,Africa,495.006294680645,3.1052399999999998
Mali,MLI,2005,0.507063,Africa,548.730382842725,5.62823
Mali,MLI,2006,0.729627,Africa,586.985415515264,10.8144
Mali,MLI,2007,0.81,Africa,670.853394973479,17.5054
Mali,MLI,2008,1.57,Africa,767.19483895009,23.0146
Mali,MLI,2009,1.8,Africa,787.482564287398,28.8979
Mali,MLI,2010,2,Africa,797.151541135109,46.6622
Mali,MLI,2011,2.2,Africa,938.292902583696,65.7107
Mali,MLI,2012,2.8,Africa,872.506092465564,86.1757
Mali,MLI,2013,3.5,Africa,901.920957644831,113.115
Mali,MLI,2014,7,Africa,947.915033288325,130.44
Mali,MLI,2015,10.33,Africa,838.11986940103,122.083
Mali,MLI,2016,14,Africa,872.468587171653,105.348
Mali,MLI,2017,18.9,Africa,924.057531692284,111.21
Mali,MLI,2018,21.4,Africa,996.379292136901,107.404
Mali,MLI,2019,24.9603,Africa,971.949318638092,108.815
Mali,MLI,2020,29.113,Africa,953.242943290974,116.587
Mali,MLI,2021,33.9565,Africa,1027.27345365357,108.693
Mali,MLI,2022,34.3797,Africa,976.914116406452,112.12
Malta,MLT,2000,13.1137,Europe,10348.4858902403,28.6185
Malta,MLT,2001,17.8778,Europe,10357.7025891731,59.4403
Malta,MLT,2002,28.92,Europe,11251.2025296416,68.265
Malta,MLT,2003,31.64,Europe,13593.9787155682,71.0371
Malta,MLT,2004,34.62,Europe,15212.1313438497,74.5055
Malta,MLT,2005,41.24,Europe,15831.344048672,78.3848
Malta,MLT,2006,40.41,Europe,16653.6036929688,83.468
Malta,MLT,2007,46.9,Europe,19444.1741958382,88.3348
Malta,MLT,2008,50.08,Europe,22315.3104212988,92.044
Malta,MLT,2009,58.86,Europe,21176.3218262672,100.306
Malta,MLT,2010,63,Europe,21946.6069636029,107.791
Malta,MLT,2011,68.0198,Europe,23516.9691234302,122.872
Malta,MLT,2012,68.1999,Europe,22878.3130866521,124.757
Malta,MLT,2013,68.9138,Europe,25415.5566867731,129.922
Malta,MLT,2014,73.1141,Europe,27424.5765646694,125.719
Malta,MLT,2015,75.96,Europe,25529.6813337717,117.794
Malta,MLT,2016,78.0751,Europe,26459.0770929988,128.599
Malta,MLT,2017,81.0119,Europe,30317.2443175543,129.249
Malta,MLT,2018,81.658,Europe,33382.2677499267,127.094
Malta,MLT,2019,85.7786,Europe,32421.9179752262,125.866
Malta,MLT,2020,86.8588,Europe,31823.4363934505,122.176
Malta,MLT,2021,87.4698,Europe,38096.8360735119,123.941
Malta,MLT,2022,91.5406,Europe,35638.8869457406,132.861
Myanmar,MMR,2001,2.89277e-4,Asia,141.525660705722,0.0495312
Myanmar,MMR,2002,4.26494e-4,Asia,146.598390364449,0.103784
Myanmar,MMR,2003,0.0240641,Asia,224.292688912409,0.142535
Myanmar,MMR,2004,0.0243374,Asia,224.508811413327,0.196419
Myanmar,MMR,2005,0.0652389,Asia,252.685193060728,0.271299
Myanmar,MMR,2006,0.182048,Asia,303.495087119254,0.448286
Myanmar,MMR,2007,0.217128,Asia,419.375780725042,0.514578
Myanmar,MMR,2008,0.22,Asia,658.442487229705,0.759211
Myanmar,MMR,2009,0.22,Asia,758.442935789255,1.03165
Myanmar,MMR,2010,0.25,Asia,1010.53417343401,1.21164
Myanmar,MMR,2011,0.98,Asia,1213.62898703376,2.51644
Myanmar,MMR,2012,1.4,Asia,1202.6658960055,7.48356
Myanmar,MMR,2013,1.8,Asia,1199.09561597055,13.5934
Myanmar,MMR,2014,7.4,Asia,1293.00042319714,57.2778
Myanmar,MMR,2015,10.9,Asia,1166.73305547935,80.2397
Myanmar,MMR,2016,16,Asia,1229.19713491328,98.2343
Myanmar,MMR,2017,23.6211,Asia,1272.82241815234,92.3918
Myanmar,MMR,2018,29.379,Asia,1298.21310327675,116.972
Myanmar,MMR,2019,36.5405,Asia,1425.98954241668,155.669
Myanmar,MMR,2020,45.4477,Asia,1490.21683599469,148.158
Myanmar,MMR,2021,56.5261,Asia,1242.7213439951,127.241
Myanmar,MMR,2022,58.0112,Asia,1158.05005055976,107.535
Montenegro,MNE,2004,25.3501,Europe,3380.16512135859,76.3334
Montenegro,MNE,2005,27.1,Europe,3674.6179242797,85.6746
Montenegro,MNE,2006,28.9,Europe,4418.84951521682,101.548
Montenegro,MNE,2007,30.8,Europe,5971.84638953467,142.095
Montenegro,MNE,2008,32.9,Europe,7359.95118960869,182.988
Montenegro,MNE,2009,35.1,Europe,6700.11405052395,204.631
Montenegro,MNE,2010,37.5,Europe,6678.63930800758,185.101
Montenegro,MNE,2011,35.6115,Europe,7265.51668681954,183.204
Montenegro,MNE,2012,56.8388,Europe,6552.48071710904,156.402
Montenegro,MNE,2013,60.31,Europe,7102.77882895852,156.964
Montenegro,MNE,2014,63.8869,Europe,7342.17339453427,160.49
Montenegro,MNE,2015,68.1198,Europe,6421.00307345999,160.455
Montenegro,MNE,2016,69.8816,Europe,6968.01539365317,166.72
Montenegro,MNE,2017,71.2723,Europe,7674.2813940676,168.465
Montenegro,MNE,2018,71.5171,Europe,8673.59128084795,184.219
Montenegro,MNE,2019,73.4767,Europe,8749.02375172644,188.174
Montenegro,MNE,2020,77.6088,Europe,7538.53635992191,177.665
Montenegro,MNE,2021,82.2197,Europe,9317.15520065156,185.488
Montenegro,MNE,2022,88.2219,Europe,10024.5435616209,207.278
Mongolia,MNG,2000,1.25565,Asia,476.02755082717,6.29689
Mongolia,MNG,2001,1.65324,Asia,524.453483552485,7.8702
Mongolia,MNG,2002,2.03957,Asia,570.249213248399,8.63974
Mongolia,MNG,2007,9,Asia,1627.68787743359,45.8052
Mongolia,MNG,2008,9.8,Asia,2127.42678594737,66.9284
Mongolia,MNG,2009,10,Asia,1703.32756790019,84.3808
Mongolia,MNG,2010,10.2,Asia,2625.21881402433,92.9208
Mongolia,MNG,2011,12.5,Asia,3736.04201455077,107.181
Mongolia,MNG,2012,16.4,Asia,4328.89001905655,120.739
Mongolia,MNG,2013,17.7,Asia,4340.14310544449,100.901
Mongolia,MNG,2014,19.9424,Asia,4126.23975800524,103.92
Mongolia,MNG,2015,22.5,Asia,3838.92126989984,103.078
Mongolia,MNG,2016,22.2658,Asia,3619.90026383792,110.746
Mongolia,MNG,2017,23.7143,Asia,3645.96708669551,125.184
Mongolia,MNG,2018,47.13,Asia,4107.64288528468,133.284
Mongolia,MNG,2019,51.08,Asia,4347.54610314873,136.719
Mongolia,MNG,2020,62.5,Asia,4001.25193077703,132.61
Mongolia,MNG,2021,81.6068,Asia,4517.61578018785,140.352
Mongolia,MNG,2022,82.1725,Asia,4993.51487463495,142.809
Mozambique,MOZ,2000,0.109593,Africa,327.12623979157,0.281666
Mozambique,MOZ,2001,0.160032,Africa,304.792138621913,0.823467
Mozambique,MOZ,2002,0.259613,Africa,313.886661721198,1.34378
Mozambique,MOZ,2003,0.419539,Africa,339.488737800648,2.24704
Mozambique,MOZ,2004,0.679448,Africa,400.056973161545,3.56849
Mozambique,MOZ,2005,0.854357,Africa,436.773856167384,7.40692
Mozambique,MOZ,2006,0.842954,Africa,457.487647833183,11.2537
Mozambique,MOZ,2007,0.91,Africa,507.874923914304,14.4675
Mozambique,MOZ,2008,1.56,Africa,592.159111184122,20.1888
Mozambique,MOZ,2009,2.68,Africa,547.697144193651,26.6651
Mozambique,MOZ,2010,4.17,Africa,496.185839392659,31.4105
Mozambique,MOZ,2011,4.6,Africa,618.17649286789,33.2163
Mozambique,MOZ,2012,5,Africa,685.685748199513,36.1782
Mozambique,MOZ,2013,5.5,Africa,686.505672517351,49.503
Mozambique,MOZ,2014,6,Africa,697.142680444123,71.6701
Mozambique,MOZ,2015,6.5,Africa,610.563774706589,75.8447
Mozambique,MOZ,2016,7,Africa,441.489734819071,54.9641
Mozambique,MOZ,2017,7.79633,Africa,470.93856305196,42.162
Mozambique,MOZ,2018,10.9,Africa,517.507260258101,48.5007
Mozambique,MOZ,2019,12.4793,Africa,519.09255091362,49.4351
Mozambique,MOZ,2020,14.2874,Africa,462.433876479921,50.2319
Mozambique,MOZ,2021,16.3576,Africa,509.907829475551,43.1636
Mozambique,MOZ,2022,18.7913,Africa,578.251663751351,45.8178
Mauritania,MRT,2000,0.192031,Africa,680.911061879778,0.585435
Mauritania,MRT,2001,0.261449,Africa,651.817840199777,4.12366
Mauritania,MRT,2002,0.363229,Africa,648.879643934862,9.02772
Mauritania,MRT,2003,0.424005,Africa,732.017820812675,12.5249
Mauritania,MRT,2004,0.48147,Africa,823.554457141893,18.2106
Mauritania,MRT,2005,0.669966,Africa,998.96583416747,25.3692
Mauritania,MRT,2006,0.979661,Africa,1300.60367988659,35.1772
Mauritania,MRT,2007,1.43361,Africa,1405.15016203368,45.7142
Mauritania,MRT,2008,1.87,Africa,1635.5630623124,65.7184
Mauritania,MRT,2009,2.28,Africa,1435.43010811893,66.4419
Mauritania,MRT,2010,4,Africa,1659.96369705455,81.8661
Mauritania,MRT,2011,4.5,Africa,1931.19975525465,94.6316
Mauritania,MRT,2012,5,Africa,1859.11733247641,111.231
Mauritania,MRT,2013,6.2,Africa,1934.24103064714,106.798
Mauritania,MRT,2014,11.8,Africa,1713.00865264234,97.5267
Mauritania,MRT,2015,17.6,Africa,1554.94897871782,91.8941
Mauritania,MRT,2016,19.2328,Africa,1565.76575722696,88.4383
Mauritania,MRT,2017,21.0172,Africa,1615.00401327323,96.7595
Mauritania,MRT,2018,22.967,Africa,1722.93528854073,105.275
Mauritania,MRT,2019,25.0978,Africa,1767.072710621,105.441
Mauritania,MRT,2020,27.4262,Africa,1795.76459566714,126.277
Mauritania,MRT,2021,29.9707,Africa,1947.78918383313,137.54
Mauritania,MRT,2022,34.3001,Africa,1960.35240077424,109.884
Mauritius,MUS,2000,7.28154,Africa,3981.98343249582,14.795
Mauritius,MUS,2001,8.7809,Africa,3908.55694927435,22.2235
Mauritius,MUS,2002,10.2526,Africa,4073.06053055903,28.1611
Mauritius,MUS,2003,12.1871,Africa,4858.26575549747,37.2277
Mauritius,MUS,2004,13.6891,Africa,5460.60800184198,43.8266
Mauritius,MUS,2005,15.1722,Africa,5354.02974260642,52.2447
Mauritius,MUS,2006,16.7,Africa,5784.22491883026,61.1178
Mauritius,MUS,2007,20.22,Africa,6677.34962448608,73.1476
Mauritius,MUS,2008,21.81,Africa,8140.50808595895,81.0663
Mauritius,MUS,2009,22.51,Africa,7426.88645617593,84.9704
Mauritius,MUS,2010,28.33,Africa,8113.17670740212,92.8426
Mauritius,MUS,2011,34.95,Africa,9324.24232310496,100.609
Mauritius,MUS,2012,35.42,Africa,9421.52514098225,115.252
Mauritius,MUS,2013,40.1168,Africa,9877.13865958834,118.793
Mauritius,MUS,2014,44.8033,Africa,10490.3315563853,127.863
Mauritius,MUS,2015,50.1393,Africa,9630.5437837507,136.372
Mauritius,MUS,2016,52.1913,Africa,10095.1225574156,140.424
Mauritius,MUS,2017,55.4032,Africa,10986.7034093005,142.525
Mauritius,MUS,2018,58.5962,Africa,11818.7480619272,148.817
Mauritius,MUS,2019,61.73,Africa,11568.2533399824,145.117
Mauritius,MUS,2020,67.7329,Africa,9135.84773751062,149.07
Mauritius,MUS,2021,71.6,Africa,9177.71195973013,154.053
Mauritius,MUS,2022,75.5,Africa,10246.5017455553,164.309
Malawi,MWI,2000,0.126781,Africa,224.22415918428,0.433017
Malawi,MWI,2001,0.164021,Africa,215.474524898357,0.480719
Malawi,MWI,2002,0.215095,Africa,428.210439838398,0.724275
Malawi,MWI,2003,0.278815,Africa,383.348596852642,1.10917
Malawi,MWI,2004,0.347505,Africa,404.674248445428,1.77698
Malawi,MWI,2005,0.384489,Africa,414.361121984475,3.28008
Malawi,MWI,2006,0.425137,Africa,440.822149023873,4.69867
Malawi,MWI,2007,0.965865,Africa,475.180261659331,7.74032
Malawi,MWI,2008,0.7,Africa,554.048820396119,10.7873
Malawi,MWI,2009,1.07,Africa,625.869729869625,17.2665
Malawi,MWI,2010,2.26,Africa,683.124694716799,21.0257
Malawi,MWI,2011,3.33,Africa,763.061000394572,25.8864
Malawi,MWI,2012,4.3506,Africa,558.46208832772,29.58
Malawi,MWI,2013,5.05,Africa,496.947368267313,32.7317
Malawi,MWI,2014,5.83,Africa,529.5133440206,33.8868
Malawi,MWI,2015,6,Africa,539.605363240686,38.4342
Malawi,MWI,2016,6.3,Africa,450.506105510719,40.8844
Malawi,MWI,2017,7,Africa,495.769683367165,43.0855
Malawi,MWI,2018,8.79829,Africa,533.202567189331,38.1956
Malawi,MWI,2019,11.0586,Africa,580.889139762475,46.7841
Malawi,MWI,2020,13.8995,Africa,602.507478176106,51.217
Malawi,MWI,2021,17.4703,Africa,617.446994451007,59.5599
Malawi,MWI,2022,17.0457,Africa,604.269740360317,59.6496
Malaysia,MYS,2000,21.3847,Asia,4083.52874483605,22.2997
Malaysia,MYS,2001,26.696,Asia,3943.79943910239,31.3901
Malaysia,MYS,2002,32.3382,Asia,4184.03163773539,37.5605
Malaysia,MYS,2003,34.9712,Asia,4465.32194567208,45.0737
Malaysia,MYS,2004,42.2523,Asia,4939.24851854427,57.8498
Malaysia,MYS,2005,48.6292,Asia,5555.58179951206,75.65
Malaysia,MYS,2006,51.638,Asia,6158.40785533236,73.6762
Malaysia,MYS,2007,55.7,Asia,7168.93031942508,86.4755
Malaysia,MYS,2008,55.8,Asia,8371.82156086005,100.518
Malaysia,MYS,2009,55.9,Asia,7191.43287234626,107.18
Malaysia,MYS,2010,56.3,Asia,8899.34505544675,118.157
Malaysia,MYS,2011,61,Asia,10217.1068585031,125.716
Malaysia,MYS,2012,65.8,Asia,10600.5744240026,139.315
Malaysia,MYS,2013,57.0575,Asia,10713.6407638899,142.522
Malaysia,MYS,2014,63.6654,Asia,11013.3107334403,146.366
Malaysia,MYS,2015,71.0641,Asia,9648.6797937523,141.211
Malaysia,MYS,2016,78.7883,Asia,9476.53409809923,136.725
Malaysia,MYS,2017,80.1405,Asia,9862.54806612235,130.854
Malaysia,MYS,2018,81.201,Asia,10901.8019954421,128.873
Malaysia,MYS,2019,84.1871,Asia,10920.191763972,133.373
Malaysia,MYS,2020,89.555,Asia,9957.52626697613,129.018
Malaysia,MYS,2021,96.7514,Asia,10903.1037480772,137.685
Malaysia,MYS,2022,97.3986,Asia,11754.5678336248,138.208
Namibia,NAM,2000,1.64474,Africa,2156.67590512714,4.50885
Namibia,NAM,2001,2.41698,Africa,1915.58926594875,5.74029
Namibia,NAM,2002,2.6337,Africa,1772.07565537493,7.93663
Namibia,NAM,2003,3.35984,Africa,2569.24739317883,11.6649
Namibia,NAM,2004,3.80472,Africa,3403.15496192955,14.7314
Namibia,NAM,2005,4.01005,Africa,3685.77299991587,22.8242
Namibia,NAM,2006,4.39887,Africa,4017.1834716928,30.5663
Namibia,NAM,2007,4.83561,Africa,4379.04313682732,39.6448
Namibia,NAM,2008,5.329,Africa,4204.78555422749,51.3909
Namibia,NAM,2009,6.5,Africa,4302.91374148376,78.5396
Namibia,NAM,2010,11.6,Africa,5418.21633365814,92.4288
Namibia,NAM,2011,12,Africa,5834.7917675794,102.244
Namibia,NAM,2012,12.9414,Africa,5942.64680978673,97.821
Namibia,NAM,2013,13.9,Africa,5346.62131149967,121.106
Namibia,NAM,2014,14.84,Africa,5378.32326241205,115.52
Namibia,NAM,2015,25.6879,Africa,4774.10650865775,107.392
Namibia,NAM,2016,31.0333,Africa,4395.68776162376,109.05
Namibia,NAM,2017,36.8374,Africa,5143.96072323076,106.915
Namibia,NAM,2018,42.8,Africa,5308.60813408705,107.06
Namibia,NAM,2019,49.8,Africa,4731.9210318831,106.533
Namibia,NAM,2020,57.8608,Africa,3878.58982993966,106.207
Namibia,NAM,2021,60.26,Africa,4412.8355693052,103.727
Namibia,NAM,2022,61.1485,Africa,4349.79908493314,100.558
New Caledonia,NCL,2000,13.9395,Oceania,15329.7297200058,22.3884
New Caledonia,NCL,2001,18.2371,Oceania,14482.3606263602,29.8265
New Caledonia,NCL,2002,22.3898,Oceania,16104.5520406819,34.4477
New Caledonia,NCL,2003,26.4083,Oceania,20768.1061488848,41.0317
New Caledonia,NCL,2004,30.298,Oceania,24475.6488547037,48.3463
New Caledonia,NCL,2005,32.359,Oceania,25528.2918353444,54.9409
New Caledonia,NCL,2006,33.5157,Oceania,28193.2537573387,62.6144
New Caledonia,NCL,2007,35.05,Oceania,35177.6535261448,70.336
New Caledonia,NCL,2008,34.51,Oceania,35723.9033194947,77.4053
New Caledonia,NCL,2009,33.99,Oceania,33836.494080472,81.4752
New Caledonia,NCL,2010,42,Oceania,35798.9084757829,84.4137
New Caledonia,NCL,2011,50,Oceania,38835.9401851385,85.2808
New Caledonia,NCL,2012,58,Oceania,35559.5672006157,85.0412
New Caledonia,NCL,2013,66,Oceania,36671.1566752621,86.8789
New Caledonia,NCL,2014,70,Oceania,37816.9558599295,86.4435
New Caledonia,NCL,2015,74.0018,Oceania,30858.7237060533,91.9161
New Caledonia,NCL,2017,82.0058,Oceania,32354.7102832901,NA
Niger,NER,2000,0.0362613,Africa,194.771959898935,0.0178633
Niger,NER,2001,0.105185,Africa,205.417936120931,0.0178346
Niger,NER,2002,0.127152,Africa,225.294391147438,0.465951
Niger,NER,2003,0.155699,Africa,265.225363452469,0.643628
Niger,NER,2004,0.189934,Africa,283.468281798296,1.29974
Niger,NER,2005,0.221341,Africa,318.643121918273,2.35423
Niger,NER,2006,0.294034,Africa,333.345078419447,3.38506
Niger,NER,2007,0.390391,Africa,387.168065883301,6.0796
Niger,NER,2008,0.7,Africa,475.044955398162,12.3528
Niger,NER,2009,0.76,Africa,461.131533961487,16.3011
Niger,NER,2010,0.83,Africa,474.425692340831,22.1685
Niger,NER,2011,0.9,Africa,510.75956176268,27.613
Niger,NER,2012,1.05,Africa,528.510104469655,30.2495
Niger,NER,2013,1.15,Africa,552.103334363117,37.8312
Niger,NER,2014,1.24868,Africa,565.30989731175,42.8624
Niger,NER,2015,2.47622,Africa,485.662574175279,44.9309
Niger,NER,2016,4.32276,Africa,502.706475406446,36.1205
Niger,NER,2017,10.2243,Africa,521.804130023434,40.955
Niger,NER,2019,16.6119,Africa,561.691304349698,52.8113
Niger,NER,2020,17.0375,Africa,579.512495758236,60.0356
Niger,NER,2021,17.474,Africa,608.722439593808,61.5063
Niger,NER,2022,23.2982,Africa,609.745147574878,63.3771
Nigeria,NGA,2000,0.0640808,Africa,547.318298903379,0.0237375
Nigeria,NGA,2001,0.0899014,Africa,566.428231812933,0.205187
Nigeria,NGA,2002,0.320462,Africa,712.164852077686,1.17557
Nigeria,NGA,2003,0.558576,Africa,763.388745367223,2.29549
Nigeria,NGA,2004,1.28614,Africa,962.48104194733,6.48476
Nigeria,NGA,2005,3.54916,Africa,1211.37703504386,12.8171
Nigeria,NGA,2006,5.54504,Africa,1599.53891556365,21.6815
Nigeria,NGA,2007,6.77,Africa,1815.52697545827,26.3563
Nigeria,NGA,2008,8,Africa,2154.10543545364,39.9686
Nigeria,NGA,2009,9.3,Africa,1820.48633854782,45.9849
Nigeria,NGA,2010,11.5,Africa,2202.25672957344,52.3861
Nigeria,NGA,2011,13.8,Africa,2418.41316975875,55.5301
Nigeria,NGA,2012,16.1,Africa,2633.19734671361,64.0053
Nigeria,NGA,2013,19.1,Africa,2872.79083379398,70.2825
Nigeria,NGA,2014,21,Africa,3088.72131316169,74.7513
Nigeria,NGA,2015,22.5,Africa,2585.73360671797,79.1045
Nigeria,NGA,2016,24.1,Africa,2070.4127339595,78.9701
Nigeria,NGA,2017,25.9,Africa,1876.34027111773,72.368
Nigeria,NGA,2018,27.7,Africa,2057.87944554011,84.284
Nigeria,NGA,2019,29.7,Africa,3189.81286498516,88.1169
Nigeria,NGA,2020,31.8888,Africa,2797.18458068686,95.4357
Nigeria,NGA,2021,35.5098,Africa,2787.48779224428,89.2916
Nigeria,NGA,2022,37.6975,Africa,2899.16047470324,99.5852
Nicaragua,NIC,2000,0.980216,Americas,1017.3124434882,1.79774
Nicaragua,NIC,2001,1.4488,Americas,1051.874235891,3.23339
Nicaragua,NIC,2002,1.71473,Americas,1014.3339042591,4.60684
Nicaragua,NIC,2003,1.88041,Americas,1021.35216668794,8.95623
Nicaragua,NIC,2004,2.32066,Americas,1098.62118662335,14.0079
Nicaragua,NIC,2005,2.56635,Americas,1183.30214010175,20.9539
Nicaragua,NIC,2006,2.80557,Americas,1248.17371577788,33.775
Nicaragua,NIC,2007,3.9,Americas,1350.38145753377,45.5188
Nicaragua,NIC,2008,5.3,Americas,1523.68437086409,55.733
Nicaragua,NIC,2009,7.3,Americas,1467.08288052845,59.1267
Nicaragua,NIC,2010,10,Americas,1526.56706951408,69.0594
Nicaragua,NIC,2011,10.6,Americas,1679.71192084633,82.8921
Nicaragua,NIC,2012,13.5,Americas,1784.69836017555,99.1601
Nicaragua,NIC,2013,15.5,Americas,1835.43996363715,113.789
Nicaragua,NIC,2014,17.6,Americas,1958.37047579547,116.507
Nicaragua,NIC,2015,19.7043,Americas,2074.45620634731,118.127
Nicaragua,NIC,2016,24.5718,Americas,2131.68704828322,124.273
Nicaragua,NIC,2017,30.4,Americas,2182.61380995674,129.506
Nicaragua,NIC,2018,33.913,Americas,2035.16549390507,116.272
Nicaragua,NIC,2019,37.8319,Americas,1958.62051528095,89.2773
Nicaragua,NIC,2020,42.2037,Americas,1938.44704754382,90.8141
Nicaragua,NIC,2021,47.0806,Americas,2138.38588469449,93.8165
Nicaragua,NIC,2022,49.1307,Americas,2322.89053964583,104.278
Netherlands,NLD,2000,43.9844,Europe,26225.1697734149,66.9728
Netherlands,NLD,2001,49.3731,Europe,26955.7128032278,75.3891
Netherlands,NLD,2002,61.29,Europe,29446.5330872868,74.2876
Netherlands,NLD,2003,64.35,Europe,35896.7504630706,80.6505
Netherlands,NLD,2004,68.52,Europe,40611.3414353091,90.1034
Netherlands,NLD,2005,81,Europe,42165.396168388,96.1635
Netherlands,NLD,2006,83.7,Europe,45123.5432406426,104.863
Netherlands,NLD,2007,85.82,Europe,52100.7996285947,116.657
Netherlands,NLD,2008,87.42,Europe,58246.7026905874,124.28
Netherlands,NLD,2009,89.63,Europe,53172.0261581418,120.767
Netherlands,NLD,2010,90.72,Europe,51305.7338533973,114.357
Netherlands,NLD,2011,91.42,Europe,54701.7728030611,117.674
Netherlands,NLD,2012,92.86,Europe,50473.9442002689,116.564
Netherlands,NLD,2013,93.9564,Europe,52602.2860520766,114.734
Netherlands,NLD,2014,91.6667,Europe,53457.2234864322,114.867
Netherlands,NLD,2015,91.7241,Europe,45793.8135434697,121.638
Netherlands,NLD,2016,90.411,Europe,46808.5291492503,121.42
Netherlands,NLD,2017,93.1973,Europe,49513.6817346384,118.577
Netherlands,NLD,2018,91.8919,Europe,53955.0770024266,121.162
Netherlands,NLD,2019,93.2886,Europe,53554.9007491475,124.088
Netherlands,NLD,2020,91.3333,Europe,53467.9277413737,121.423
Netherlands,NLD,2021,92.053,Europe,60141.9880911492,123.448
Netherlands,NLD,2022,92.5197,Europe,59123.318556487,115.821
Norway,NOR,2000,52,Europe,38178.2368777076,71.7901
Norway,NOR,2001,64,Europe,38601.897639231,79.6029
Norway,NOR,2002,72.84,Europe,43170.557174499,83.5167
Norway,NOR,2003,78.13,Europe,50250.3298214345,88.9622
Norway,NOR,2004,77.69,Europe,57768.6980958462,98.541
Norway,NOR,2005,81.99,Europe,67047.1704558264,102.841
Norway,NOR,2006,82.55,Europe,74434.4996835671,104.472
Norway,NOR,2007,86.93,Europe,85502.2677087731,106.979
Norway,NOR,2008,90.57,Europe,97503.5407803783,109.293
Norway,NOR,2009,92.08,Europe,80347.5700665184,110.892
Norway,NOR,2010,93.39,Europe,88163.2085931423,114.524
Norway,NOR,2011,93.49,Europe,101221.813476644,115.596
Norway,NOR,2012,94.65,Europe,102175.919298374,115.524
Norway,NOR,2013,95.0534,Europe,103553.840134417,112.046
Norway,NOR,2014,96.3005,Europe,97666.6951838749,111.69
Norway,NOR,2015,96.8103,Europe,74809.9658049898,110.118
Norway,NOR,2016,97.2982,Europe,70867.3609970749,109.427
Norway,NOR,2017,96.3576,Europe,76131.8384032764,108.393
Norway,NOR,2018,96.4917,Europe,82792.8427113304,107.703
Norway,NOR,2019,98,Europe,76430.5889473338,108.005
Norway,NOR,2020,94.6076,Europe,68340.0181033702,108.297
Norway,NOR,2021,99,Europe,93072.8925119571,109.586
Norway,NOR,2022,99,Europe,109269.520580298,111.657
Nepal,NPL,2000,0.204652,Asia,223.830289183078,0.0416597
Nepal,NPL,2001,0.240015,Asia,240.795114544664,0.0692916
Nepal,NPL,2002,0.312956,Asia,238.89140296106,0.0863872
Nepal,NPL,2003,0.382811,Asia,246.429706587633,0.318688
Nepal,NPL,2004,0.449844,Asia,279.587750044428,0.448859
Nepal,NPL,2005,0.826551,Asia,309.024168339372,0.864009
Nepal,NPL,2006,1.14139,Asia,340.431796437968,4.35567
Nepal,NPL,2007,1.41,Asia,385.449767660642,12.2026
Nepal,NPL,2008,1.73,Asia,464.817391891529,15.5613
Nepal,NPL,2009,1.97,Asia,473.078751198621,20.6009
Nepal,NPL,2010,7.93,Asia,585.278491984574,33.6317
Nepal,NPL,2011,9,Asia,785.518656222132,48.6245
Nepal,NPL,2012,11.1493,Asia,788.202937148377,60.3184
Nepal,NPL,2013,13.3,Asia,803.269595420477,77.4277
Nepal,NPL,2014,15.44,Asia,821.455224911731,83.1925
Nepal,NPL,2015,17.5816,Asia,875.543635474862,98.8946
Nepal,NPL,2016,20.7,Asia,877.256454696737,114.898
Nepal,NPL,2017,24.3,Asia,1034.28374906846,128.864
Nepal,NPL,2018,28.6,Asia,1179.19843190389,139.526
Nepal,NPL,2019,33.3366,Asia,1203.14294706401,136.186
Nepal,NPL,2020,38.8576,Asia,1154.21517578318,131.921
Nepal,NPL,2021,45.293,Asia,1252.75076731986,129.645
Nepal,NPL,2022,53.8878,Asia,1385.91066274851,133.273
Nauru,NRU,2001,2.98716,Oceania,2232.30874026726,14.8075
Nauru,NRU,2011,54,Oceania,6444.03642094634,66.3498
Nauru,NRU,2017,62.3851,Oceania,9656.97976571484,88.308
Nauru,NRU,2019,74.7379,Oceania,10801.7705659635,86.3036
Nauru,NRU,2020,81.6554,Oceania,10709.068810538,85.8885
New Zealand,NZL,2000,47.3796,Oceania,13641.1027183822,39.9733
New Zealand,NZL,2001,53.241,Oceania,13882.8568268586,58.7909
New Zealand,NZL,2002,59.0808,Oceania,16874.1874918196,61.9824
New Zealand,NZL,2003,60.9625,Oceania,21913.7081719961,64.6102
New Zealand,NZL,2004,61.8476,Oceania,25420.234882944,74.1201
New Zealand,NZL,2005,62.7202,Oceania,27751.0654708859,85.3687
New Zealand,NZL,2006,69,Oceania,26654.5932018985,90.9217
New Zealand,NZL,2007,69.76,Oceania,32479.9817381467,100.662
New Zealand,NZL,2008,72.03,Oceania,31324.7397977102,108.404
New Zealand,NZL,2009,79.7,Oceania,28276.7255416225,109.193
New Zealand,NZL,2010,80.46,Oceania,33761.9009639947,108.331
New Zealand,NZL,2011,81.23,Oceania,38431.7766788499,109.978
New Zealand,NZL,2012,81.6445,Oceania,40053.6991536369,111.568
New Zealand,NZL,2013,82.78,Oceania,43000.4646849189,107.009
New Zealand,NZL,2014,84,Oceania,44618.266973847,112.757
New Zealand,NZL,2015,85.2,Oceania,38665.3723018158,121.369
New Zealand,NZL,2016,86.5,Oceania,40113.7195382428,129.381
New Zealand,NZL,2017,87.7,Oceania,42950.3841711138,132.98
New Zealand,NZL,2018,89,Oceania,43257.0769238879,128.937
New Zealand,NZL,2019,89.8637,Oceania,42855.831861632,120.475
New Zealand,NZL,2020,95.2342,Oceania,41997.7830324279,123.001
New Zealand,NZL,2021,96.1151,Oceania,49950.4251691316,114.455
New Zealand,NZL,2022,96.1942,Oceania,49099.7090423358,115.984
Oman,OMN,2000,3.52042,Asia,9753.84755185404,7.14294
Oman,OMN,2001,5.89384,Asia,9611.96360191054,14.0743
Oman,OMN,2002,6.8734,Asia,9869.13050219438,19.8299
Oman,OMN,2003,7.25574,Asia,10463.5425832141,24.8935
Oman,OMN,2004,6.75885,Asia,11800.8507411171,32.9697
Oman,OMN,2005,6.68358,Asia,14434.8577924647,53.0901
Oman,OMN,2006,8.29972,Asia,16930.8565071853,70.4453
Oman,OMN,2007,16.68,Asia,18792.653772482,94.0855
Oman,OMN,2008,20,Asia,26576.779241509,117.026
Oman,OMN,2009,26.8,Asia,20655.9180249218,138.05
Oman,OMN,2010,35.8278,Asia,23570.1798147325,151.446
Oman,OMN,2011,48,Asia,25188.0074151885,147.926
Oman,OMN,2012,60,Asia,24642.2978768596,150.873
Oman,OMN,2013,66.45,Asia,23458.0233840053,149.209
Oman,OMN,2014,70.22,Asia,23160.6502252547,153.806
Oman,OMN,2015,73.53,Asia,18808.3077921839,155.756
Oman,OMN,2016,76.8454,Asia,17110.1897460545,153.291
Oman,OMN,2017,80.1856,Asia,17820.0661809335,148.822
Oman,OMN,2018,85.5,Asia,19901.7615642016,139.967
Oman,OMN,2019,90.2594,Asia,19180.1864152801,138.232
Oman,OMN,2020,95.2323,Asia,16784.8630630058,140.379
Oman,OMN,2021,95.2388,Asia,19403.4600160211,135.077
Oman,OMN,2022,95.2453,Asia,23223.5829405935,136.801
Pakistan,PAK,2001,1.3185500000000001,Asia,609.939506905073,0.466253
Pakistan,PAK,2002,2.57743,Asia,599.937345723927,1.04063
Pakistan,PAK,2003,5.04116,Asia,672.44178669894,1.43881
Pakistan,PAK,2004,6.16432,Asia,771.902247348954,2.93247
Pakistan,PAK,2005,6.33233,Asia,827.619861189926,7.27898
Pakistan,PAK,2006,6.5,Asia,900.873564984808,19.2042
Pakistan,PAK,2007,6.8,Asia,998.090114197524,34.0699
Pakistan,PAK,2008,7,Asia,1067.04324565284,46.4486
Pakistan,PAK,2009,7.5,Asia,963.788066395225,48.5357
Pakistan,PAK,2010,8,Asia,987.304571124485,49.7823
Pakistan,PAK,2011,8,Asia,1131.73513834324,53.4462
Pakistan,PAK,2012,8.1,Asia,1204.36475491585,57.8576
Pakistan,PAK,2013,9,Asia,1225.4340119198,60.5178
Pakistan,PAK,2014,10,Asia,1266.61340849959,63.3618
Pakistan,PAK,2015,11,Asia,1380.47020838317,57.9406
Pakistan,PAK,2016,12.3854,Asia,1424.69161195897,62.0013
Pakistan,PAK,2017,13.78,Asia,1519.23459514248,64.7302
Pakistan,PAK,2018,15.34,Asia,1569.33814626355,67.8568
Pakistan,PAK,2019,17.0709,Asia,1390.41690981745,71.666
Pakistan,PAK,2020,18.9348,Asia,1278.39735206896,74.7332
Pakistan,PAK,2021,21.4107,Asia,1455.31922370186,78.8012
Pakistan,PAK,2022,24.2103,Asia,1538.3228133171,79.1051
Panama,PAN,2000,6.5548,Americas,3975.09310275544,13.6329
Panama,PAN,2001,7.2684,Americas,3991.77672094655,15.4792
Panama,PAN,2002,8.51808,Americas,4090.58616456082,16.8037
Panama,PAN,2003,9.98742,Americas,4264.66428949623,21.7068
Panama,PAN,2004,11.1409,Americas,4644.56581177581,38.7539
Panama,PAN,2005,11.484,Americas,5017.74110414832,52.7838
Panama,PAN,2006,17.3496,Americas,5528.76705854901,64.4277
Panama,PAN,2007,22.29,Americas,6317.8173051466,87.5824
Panama,PAN,2008,33.82,Americas,7347.59049046839,111.843
Panama,PAN,2009,39.08,Americas,7796.92618363433,170.203
Panama,PAN,2010,40.1,Americas,8331.46422259967,183.169
Panama,PAN,2011,42.7,Americas,9662.29590911979,182.359
Panama,PAN,2012,40.3019,Americas,11064.8063662003,165.287
Panama,PAN,2013,44.03,Americas,12273.3224983788,162.199
Panama,PAN,2014,44.9238,Americas,13213.1989591137,177.439
Panama,PAN,2015,51.2054,Americas,14082.6548434996,144.997
Panama,PAN,2016,54,Americas,14832.3611652459,127.616
Panama,PAN,2017,59.9506,Americas,15694.6297518495,128.826
Panama,PAN,2018,61.8055,Americas,16151.3273433486,137.298
Panama,PAN,2019,63.6284,Americas,16477.9066268111,137.57
Panama,PAN,2020,70.0097,Americas,13290.5608397749,142.283
Panama,PAN,2021,77.031,Americas,15509.8069124139,147.9
Panama,PAN,2022,77.7041,Americas,17378.6070017557,152.062
Peru,PER,2000,3.07643,Americas,1945.41338451698,4.78924
Peru,PER,2001,7.57876,Americas,1929.57273038846,6.65051
Peru,PER,2002,8.96695,Americas,2007.37019626753,8.45399
Peru,PER,2003,11.6,Americas,2129.44114197634,10.6247
Peru,PER,2004,14.1,Americas,2397.25147277714,14.6938
Peru,PER,2005,17.1,Americas,2706.66947297608,19.8688
Peru,PER,2006,20.7,Americas,3129.55996496982,32.1983
Peru,PER,2007,25.2,Americas,3581.0893081917,54.0374
Peru,PER,2008,30.57,Americas,4197.58444634142,72.9545
Peru,PER,2009,31.4,Americas,4181.18755462253,85.4778
Peru,PER,2010,34.77,Americas,5072.11494019615,100.1
Peru,PER,2011,36.01,Americas,5861.35793645245,110.774
Peru,PER,2012,38.2,Americas,6519.37852981527,99.4508
Peru,PER,2013,39.2,Americas,6746.80025696601,99.9174
Peru,PER,2014,40.2447,Americas,6667.13410360861,105.858
Peru,PER,2015,40.8526,Americas,6231.71150338894,112.405
Peru,PER,2016,45.4617,Americas,6217.03599995447,119.655
Peru,PER,2017,50.4504,Americas,6736.16693725487,124.233
Peru,PER,2018,55.0543,Americas,6978.49121548627,132.157
Peru,PER,2019,59.9505,Americas,7037.00803692604,122.79
Peru,PER,2020,65.2518,Americas,6133.32552410183,119.854
Peru,PER,2021,71.1078,Americas,6826.20255614477,129.994
Peru,PER,2022,74.675,Americas,7350.63034300417,124.119
Philippines,PHL,2000,1.98225,Asia,1050.79273107952,8.1059
Philippines,PHL,2001,2.52401,Asia,969.530611744453,14.9373
Philippines,PHL,2002,4.33228,Asia,1014.90879320106,18.5184
Philippines,PHL,2003,4.85767,Asia,1027.2301192843,26.5656
Philippines,PHL,2004,5.24363,Asia,1099.63013023758,38.1227
Philippines,PHL,2005,5.39764,Asia,1220.46018559867,39.5144
Philippines,PHL,2006,5.74059,Asia,1426.14649179546,47.8934
Philippines,PHL,2007,5.97,Asia,1712.65543282793,62.9643
Philippines,PHL,2008,6.22,Asia,1959.29233534978,73.482
Philippines,PHL,2009,9,Asia,1864.45043406471,80.084
Philippines,PHL,2010,25,Asia,2162.91375885614,86.3116
Philippines,PHL,2011,29,Asia,2383.91892522087,95.8688
Philippines,PHL,2012,30.8,Asia,2614.61644401308,101.8
Philippines,PHL,2013,32.7,Asia,2781.27957677397,100.732
Philippines,PHL,2014,34.7,Asia,2866.83803761407,107.284
Philippines,PHL,2015,36.9,Asia,2909.85818010301,111.893
Philippines,PHL,2016,39.2,Asia,2985.19564024046,112.518
Philippines,PHL,2017,41.6,Asia,3038.12124959289,110.962
Philippines,PHL,2018,44.1,Asia,3168.51036609727,122.96
Philippines,PHL,2019,43.0266,Asia,3400.78949767074,151.007
Philippines,PHL,2020,53.7649,Asia,3227.57910235199,133.456
Philippines,PHL,2021,66.9078,Asia,3484.38593882819,144.424
Philippines,PHL,2022,75.2111,Asia,3548.06930572116,147.429
Palau,PLW,2002,20.2439,Oceania,8340.18981304558,12.6032
Palau,PLW,2003,21.6015,Oceania,7862.3931898737,19.9603
Palau,PLW,2004,26.9703,Oceania,8393.73052541231,19.7982
Papua New Guinea,PNG,2000,0.835249,Oceania,635.957919047725,0.154595
Papua New Guinea,PNG,2001,0.904104,Oceania,537.847459634131,0.186787
Papua New Guinea,PNG,2002,1.32166,Oceania,506.331789534482,0.253207
Papua New Guinea,PNG,2003,1.3744,Oceania,577.467922387259,0.285761
Papua New Guinea,PNG,2004,1.50791,Oceania,620.596147680561,0.763443
Papua New Guinea,PNG,2005,1.71619,Oceania,744.486489977433,1.14751
Papua New Guinea,PNG,2006,1.75449,Oceania,1238.18282926706,1.48198
Papua New Guinea,PNG,2007,1.79056,Oceania,1370.753415829,4.30827
Papua New Guinea,PNG,2008,1.15,Oceania,1624.79319935188,12.1676
Papua New Guinea,PNG,2009,1.61,Oceania,1568.83193368607,19.1394
Papua New Guinea,PNG,2010,1.28,Oceania,1866.86889851208,25.0091
Papua New Guinea,PNG,2011,2,Oceania,2288.37591141234,30.5369
Papua New Guinea,PNG,2012,3.5,Oceania,2635.0873631547,33.5215
Papua New Guinea,PNG,2013,5.1,Oceania,2560.77458976327,36.1328
Papua New Guinea,PNG,2014,6.5,Oceania,2723.17529825196,39.4078
Papua New Guinea,PNG,2015,7.9,Oceania,2484.5963398603,40.7171
Papua New Guinea,PNG,2016,9.60154,Oceania,2316.39479758492,42.2017
Papua New Guinea,PNG,2017,11.2092,Oceania,2477.76530986323,43.7752
Papua New Guinea,PNG,2019,19.9783,Oceania,2575.77274140393,47.1953
Papua New Guinea,PNG,2020,24.3969,Oceania,2429.61134585269,49.0844
Papua New Guinea,PNG,2021,23.2437,Oceania,2607.57861874444,48.1179
Papua New Guinea,PNG,2022,23.7315,Oceania,3102.28968594061,49.1907
Poland,POL,2000,7.28543,Europe,4520.64100449111,17.6355
Poland,POL,2001,9.90067,Europe,5015.23790036613,26.1578
Poland,POL,2002,21.15,Europe,5223.45178967082,36.3554
Poland,POL,2003,24.87,Europe,5720.81366178104,45.5487
Poland,POL,2004,32.53,Europe,6711.72715262967,60.5123
Poland,POL,2005,38.81,Europe,8043.92332253757,76.5033
Poland,POL,2006,44.58,Europe,9068.85528307627,96.5178
Poland,POL,2007,48.6,Europe,11272.5293683383,108.859
Poland,POL,2008,53.13,Europe,14048.5604672654,115.608
Poland,POL,2009,58.97,Europe,11556.3026866026,117.906
Poland,POL,2010,62.32,Europe,12567.7317676382,123.249
Poland,POL,2011,61.95,Europe,13867.6669408192,131.28
Poland,POL,2012,62.31,Europe,13087.420943321,141.41
Poland,POL,2013,62.8492,Europe,13621.9023794031,148.912
Poland,POL,2014,66.5987,Europe,14262.2841914116,148.713
Poland,POL,2015,67.997,Europe,12637.5220324406,142.52
Poland,POL,2016,73.3007,Europe,12464.0110508476,138.519
Poland,POL,2017,75.9854,Europe,13913.3402919927,131.901
Poland,POL,2018,77.5417,Europe,15658.2120316794,126.266
Poland,POL,2019,80.4359,Europe,15874.5220531254,126.597
Poland,POL,2020,83.1849,Europe,16150.9304813473,129.288
Poland,POL,2021,85.3749,Europe,18635.5104895754,132.987
Poland,POL,2022,86.9411,Europe,18891.2121169279,137.002
Puerto Rico (US),PRI,2000,10.4746,Americas,16192.1269719638,34.597
Puerto Rico (US),PRI,2001,15.63,Americas,18123.1987019918,42.7001
Puerto Rico (US),PRI,2002,17.5476,Americas,18731.4593897378,43.2185
Puerto Rico (US),PRI,2003,19.707,Americas,19557.1202492358,44.9039
Puerto Rico (US),PRI,2004,22.1307,Americas,20988.9923326534,48.6469
Puerto Rico (US),PRI,2005,23.4001,Americas,21959.322696986,52.62
Puerto Rico (US),PRI,2006,25.4424,Americas,22935.9411586313,58.2288
Puerto Rico (US),PRI,2007,27.86,Americas,23664.8823485096,64.6148
Puerto Rico (US),PRI,2008,38,Americas,24898.3345857045,67.8448
Puerto Rico (US),PRI,2009,41.5,Americas,25768.7258883384,72.616
Puerto Rico (US),PRI,2010,45.3,Americas,26414.8810634548,78.9803
Puerto Rico (US),PRI,2011,48,Americas,27170.0766543278,84.3816
Puerto Rico (US),PRI,2012,69,Americas,27742.024476618,83.6353
Puerto Rico (US),PRI,2013,69,Americas,28212.0499737431,85.5377
Puerto Rico (US),PRI,2014,76.1339,Americas,28576.0988023209,89.9998
Puerto Rico (US),PRI,2015,63.4663,Americas,29242.041465085,91.0041
Puerto Rico (US),PRI,2016,68.6438,Americas,29978.0889268918,93.5607
Puerto Rico (US),PRI,2017,68.7408,Americas,30328.479490518,100.52
Puerto Rico (US),PRI,2018,70.8564,Americas,30679.9181934488,101.222
Puerto Rico (US),PRI,2019,77.7364,Americas,31830.5284993358,102.553
Puerto Rico (US),PRI,2021,84.7867,Americas,32619.0704601174,112.54
Puerto Rico (US),PRI,2022,87.2918,Americas,35353.6821570014,120.216
"Korea, Dem. People's Rep.",PRK,2000,0,Asia,NA,0
"Korea, Dem. People's Rep.",PRK,2001,0,Asia,NA,0
"Korea, Dem. People's Rep.",PRK,2002,0,Asia,NA,0
"Korea, Dem. People's Rep.",PRK,2003,0,Asia,NA,0
"Korea, Dem. People's Rep.",PRK,2004,0,Asia,NA,0
"Korea, Dem. People's Rep.",PRK,2005,0,Asia,NA,0
"Korea, Dem. People's Rep.",PRK,2006,0,Asia,NA,0
"Korea, Dem. People's Rep.",PRK,2007,0,Asia,NA,0
"Korea, Dem. People's Rep.",PRK,2008,0,Asia,NA,0
"Korea, Dem. People's Rep.",PRK,2009,0,Asia,NA,0.278399
"Korea, Dem. People's Rep.",PRK,2010,0,Asia,NA,1.72856
"Korea, Dem. People's Rep.",PRK,2011,0,Asia,NA,3.9844
"Korea, Dem. People's Rep.",PRK,2012,0,Asia,NA,6.74289
Portugal,PRT,2000,16.4305,Europe,11526.3720667968,64.814
Portugal,PRT,2001,18.0871,Europe,11734.7649743954,77.0455
Portugal,PRT,2002,19.37,Europe,12936.6928204482,83.261
Portugal,PRT,2003,29.67,Europe,15797.7821340276,95.6808
Portugal,PRT,2004,31.78,Europe,18064.1580932987,100.856
Portugal,PRT,2005,34.99,Europe,18780.12751241,108.991
Portugal,PRT,2006,38.01,Europe,19839.4540499032,116.175
Portugal,PRT,2007,42.09,Europe,22811.0564844365,127.786
Portugal,PRT,2008,44.13,Europe,24949.0413566739,132.99
Portugal,PRT,2009,48.27,Europe,23151.2154130712,111.524
Portugal,PRT,2010,53.3,Europe,22551.935098809,115.425
Portugal,PRT,2011,55.25,Europe,23246.5425416481,116.837
Portugal,PRT,2012,60.34,Europe,20593.4274224109,113.359
Portugal,PRT,2013,62.0956,Europe,21676.4859642714,114.655
Portugal,PRT,2014,64.5924,Europe,22120.6850127107,114.313
Portugal,PRT,2015,68.6329,Europe,19215.7813014347,112.964
Portugal,PRT,2016,70.4236,Europe,19980.2808866516,111.847
Portugal,PRT,2017,73.7912,Europe,21442.3842768879,113.874
Portugal,PRT,2018,74.661,Europe,23541.1401075289,114.859
Portugal,PRT,2019,75.3464,Europe,23343.3628970034,115.146
Portugal,PRT,2020,78.2617,Europe,22299.4044062173,114.276
Portugal,PRT,2021,82.309,Europe,24711.4510062111,119.769
Portugal,PRT,2022,84.4969,Europe,24620.5197587181,122.801
Paraguay,PRY,2000,0.747631,Americas,1736.11729210765,16.0916
Paraguay,PRY,2001,1.09879,Americas,1637.68615122932,22.1679
Paraguay,PRY,2002,1.79497,Americas,1367.76506935997,31.6844
Paraguay,PRY,2003,2.11194,Americas,1443.99885236205,33.237
Paraguay,PRY,2004,3.45244,Americas,1786.21533938543,32.4609
Paraguay,PRY,2005,7.90701,Americas,1970.87169852378,34.6359
Paraguay,PRY,2006,7.96207,Americas,2439.43124694576,58.724
Paraguay,PRY,2007,11.21,Americas,3211.93621659546,84.4403
Paraguay,PRY,2008,14.27,Americas,4384.95469437803,103.156
Paraguay,PRY,2009,18.9,Americas,3941.84815479431,99.0726
Paraguay,PRY,2010,19.8,Americas,4750.96273669458,103.187
Paraguay,PRY,2011,24.7635,Americas,5805.40154542925,112.287
Paraguay,PRY,2012,29.34,Americas,5642.16991672846,115.206
Paraguay,PRY,2013,36.9,Americas,6435.68342733004,117.9
Paraguay,PRY,2014,43.0074,Americas,6652.25478942461,120.354
Paraguay,PRY,2015,49.7163,Americas,5879.33792308762,120.342
Paraguay,PRY,2016,53.4041,Americas,5775.15963399596,119.848
Paraguay,PRY,2017,61.0758,Americas,6152.2671153779,117.821
Paraguay,PRY,2018,64.9935,Americas,6258.44991640984,115.75
Paraguay,PRY,2019,68.5176,Americas,5821.18199548738,119.137
Paraguay,PRY,2020,73.9575,Americas,5365.47220721104,119.1
Paraguay,PRY,2021,77.0184,Americas,5976.93179789949,119.313
Paraguay,PRY,2022,76.2592,Americas,6205.62595379319,128.088
West Bank and Gaza,PSE,2000,1.11131,Asia,1476.17185000238,0.224507
West Bank and Gaza,PSE,2001,1.83685,Asia,1335.55319529359,5.42645
West Bank and Gaza,PSE,2002,3.10009,Asia,1156.21747345769,7.57298
West Bank and Gaza,PSE,2003,4.13062,Asia,1257.69857009689,7.77179
West Bank and Gaza,PSE,2004,4.4009,Asia,1422.19088643544,12.5642
West Bank and Gaza,PSE,2005,16.005,Asia,1543.70141392774,15.955
West Bank and Gaza,PSE,2006,18.41,Asia,1570.10439962728,22.5454
West Bank and Gaza,PSE,2007,21.176,Asia,1664.24571669276,27.3365
West Bank and Gaza,PSE,2008,24.358,Asia,2035.20234121766,34.3273
West Bank and Gaza,PSE,2009,32.23,Asia,2191.78178736868,45.9038
West Bank and Gaza,PSE,2010,37.4,Asia,2557.07562356699,64.8154
West Bank and Gaza,PSE,2011,41.08,Asia,2880.79843707909,70.093
West Bank and Gaza,PSE,2012,43.4,Asia,3067.43872735614,74.3646
West Bank and Gaza,PSE,2013,46.6,Asia,3315.29753909282,73.9291
West Bank and Gaza,PSE,2014,53.6652,Asia,3352.11259506043,72.4102
West Bank and Gaza,PSE,2015,56.7,Asia,3272.15432360708,78.0924
West Bank and Gaza,PSE,2016,59.9,Asia,3527.61382413178,80.1511
West Bank and Gaza,PSE,2017,63.3,Asia,3620.36048715937,84.2594
West Bank and Gaza,PSE,2018,64.4,Asia,3562.33094270256,90.2055
West Bank and Gaza,PSE,2019,70.6226,Asia,3656.85827137011,86.7372
West Bank and Gaza,PSE,2020,76.01,Asia,3233.56863835858,80.1298
West Bank and Gaza,PSE,2021,82.1783,Asia,3678.63565662194,78.1621
West Bank and Gaza,PSE,2022,88.6469,Asia,3799.95527015163,76.5666
French Polynesia,PYF,2000,6.35706,Oceania,14978.324104668,16.6017
French Polynesia,PYF,2001,6.25159,Oceania,14640.9360062298,27.571
French Polynesia,PYF,2002,8.20022,Oceania,16004.0583292112,21.0877
French Polynesia,PYF,2003,14.1243,Oceania,19582.8936395312,23.8836
French Polynesia,PYF,2004,17.8845,Oceania,21764.2203208782,37.5508
French Polynesia,PYF,2005,21.5422,Oceania,21984.1936230719,46.2415
French Polynesia,PYF,2006,25.108,Oceania,22330.8676659055,57.7457
French Polynesia,PYF,2007,28.59,Oceania,24888.1781337361,65.6239
French Polynesia,PYF,2008,33.87,Oceania,26592.0262835732,69.732
French Polynesia,PYF,2009,44.6,Oceania,24434.2197555208,77.2823
French Polynesia,PYF,2010,49,Oceania,22494.806706186,79.7879
French Polynesia,PYF,2011,49,Oceania,22831.5185348524,82.004
French Polynesia,PYF,2012,52.8766,Oceania,20846.5457478364,83.3447
French Polynesia,PYF,2013,56.8,Oceania,21955.6329264095,88.5949
French Polynesia,PYF,2014,60.68,Oceania,22258.6321384251,92.3064
French Polynesia,PYF,2015,64.5602,Oceania,19166.9594761931,96.5696
French Polynesia,PYF,2016,68.4404,Oceania,19690.0775734589,100.334
French Polynesia,PYF,2017,72.7039,Oceania,20826.9312492172,102.768
Qatar,QAT,2000,4.86368,Asia,27535.182940934,18.7377
Qatar,QAT,2001,6.17027,Asia,25870.7991864314,26.2461
Qatar,QAT,2002,10.2261,Asia,27226.6593510117,37.5002
Qatar,QAT,2003,19.2423,Asia,31602.470865136,50.5632
Qatar,QAT,2004,20.7016,Asia,41035.5008380177,63.4052
Qatar,QAT,2005,24.7335,Asia,53949.6764091147,86.8374
Qatar,QAT,2006,28.9741,Asia,62582.4453138755,94.546
Qatar,QAT,2007,37,Asia,65954.3419525051,104.601
Qatar,QAT,2008,44.3,Asia,80781.4039187792,100.179
Qatar,QAT,2009,53.1,Asia,60785.7351551657,122.869
Qatar,QAT,2010,69,Asia,76462.6119486736,127.92
Qatar,QAT,2011,69,Asia,103261.510293068,127.128
Qatar,QAT,2012,69.3,Asia,108470.387023229,136.395
Qatar,QAT,2013,85.3,Asia,103697.062789144,162.86
Qatar,QAT,2014,91.49,Asia,95840.6898934238,149.02
Qatar,QAT,2015,92.8848,Asia,68985.2433380102,154.098
Qatar,QAT,2016,95.1247,Asia,61253.6217997091,140.518
Qatar,QAT,2017,97.3888,Asia,63279.8767486216,147.358
Qatar,QAT,2018,99.6528,Asia,71039.9308240078,142.911
Qatar,QAT,2019,99.6528,Asia,66841.3623185691,140.017
Qatar,QAT,2020,99.6528,Asia,51683.5681078949,135.498
Qatar,QAT,2021,99.6528,Asia,71751.9363398856,137.71
Qatar,QAT,2022,99.6528,Asia,88701.4689763536,162.249
Romania,ROU,2000,3.61372,Europe,1659.92904910528,11.3353
Romania,ROU,2001,4.53867,Europe,1825.19299373184,17.5417
Romania,ROU,2002,6.58,Europe,2119.85509684554,23.4754
Romania,ROU,2003,8.9,Europe,2679.40626016154,32.602
Romania,ROU,2004,15,Europe,3494.99056448955,47.7283
Romania,ROU,2005,21.5,Europe,4618.00350802913,62.9515
Romania,ROU,2006,24.66,Europe,5757.53127301178,76.0183
Romania,ROU,2007,28.3,Europe,8360.33775916596,97.7446
Romania,ROU,2008,32.42,Europe,10435.1561230787,118.106
Romania,ROU,2009,36.6,Europe,8548.4543409242,121.981
Romania,ROU,2010,39.93,Europe,8399.5374234284,119.221
Romania,ROU,2011,40.01,Europe,9560.6755277458,115.472
Romania,ROU,2012,45.88,Europe,8929.95366231474,113.302
Romania,ROU,2013,49.7645,Europe,9497.67411615237,114.191
Romania,ROU,2014,54.0783,Europe,10031.7710755404,114.783
Romania,ROU,2015,55.7632,Europe,8977.01748158196,116.35
Romania,ROU,2016,59.504,Europe,9404.54005870715,115.791
Romania,ROU,2017,63.7473,Europe,10727.9822007426,113.767
Romania,ROU,2018,70.6813,Europe,12416.134317959,115.492
Romania,ROU,2019,73.6575,Europe,12909.6104013244,116.252
Romania,ROU,2020,78.4553,Europe,13009.1770573223,116.478
Romania,ROU,2021,83.5904,Europe,14907.9803652143,119.123
Romania,ROU,2022,85.5031,Europe,15503.551804598,121.142
Russian Federation,RUS,2000,1.97723,Europe,1771.59411621094,2.22413
Russian Federation,RUS,2001,2.94437,Europe,2100.3525390625,5.3043
Russian Federation,RUS,2002,4.12827,Europe,2377.52954101563,12.0658
Russian Federation,RUS,2003,8.29886,Europe,2975.123046875,24.785
Russian Federation,RUS,2004,12.8594,Europe,4102.36474609375,50.7798
Russian Federation,RUS,2005,15.2267,Europe,5323.455078125,82.9888
Russian Federation,RUS,2006,18.0233,Europe,6920.19970703125,104.56
Russian Federation,RUS,2007,24.66,Europe,9101.2392578125,119.005
Russian Federation,RUS,2008,32,Europe,11635.2841796875,138.738
Russian Federation,RUS,2009,42.55,Europe,8562.82421875,159.902
Russian Federation,RUS,2010,49,Europe,10674.990234375,165.137
Russian Federation,RUS,2011,58,Europe,14305.33203125,141.451
Russian Federation,RUS,2012,66,Europe,15401.8515625,144.198
Russian Federation,RUS,2013,67.97,Europe,15941.4482421875,150.964
Russian Federation,RUS,2014,70.5176,Europe,14055.47265625,152.513
Russian Federation,RUS,2015,70.0992,Europe,9277.7138671875,156.419
Russian Federation,RUS,2016,73.0914,Europe,8663.158203125,157.174
Russian Federation,RUS,2017,76.0081,Europe,10658.9130859375,155.486
Russian Federation,RUS,2018,80.8647,Europe,11211.8876953125,156.683
Russian Federation,RUS,2019,82.6422,Europe,11447.701171875,163.646
Russian Federation,RUS,2020,84.9947,Europe,10108.3271484375,163.101
Russian Federation,RUS,2021,88.2138,Europe,12425.029296875,169.073
Russian Federation,RUS,2022,90.418,Europe,15619.6142578125,168.476
Rwanda,RWA,2000,0.0628315,Africa,251.86926386091,0.474803
Rwanda,RWA,2001,0.240672,Africa,237.308846200901,0.784352
Rwanda,RWA,2002,0.292785,Africa,234.043016755733,0.980824
Rwanda,RWA,2003,0.356918,Africa,249.012274982252,1.52232
Rwanda,RWA,2004,0.430854,Africa,269.540446333402,1.55692
Rwanda,RWA,2005,0.556041,Africa,324.016863847189,2.46261
Rwanda,RWA,2007,2.11539,Africa,426.234183487629,6.6507
Rwanda,RWA,2008,4.5,Africa,528.326391755502,13.4904
Rwanda,RWA,2009,7.7,Africa,564.039095842449,24.1466
Rwanda,RWA,2010,8,Africa,593.624927744346,34.3954
Rwanda,RWA,2011,7,Africa,651.133677964662,42.0494
Rwanda,RWA,2012,8.02385,Africa,706.817269168561,52.5467
Rwanda,RWA,2013,9,Africa,704.92421851123,60.2989
Rwanda,RWA,2014,10.6,Africa,724.957526520906,68.167
Rwanda,RWA,2015,12.5,Africa,733.998629882494,75.2543
Rwanda,RWA,2016,14.6,Africa,729.519133812945,74.8502
Rwanda,RWA,2017,17.2,Africa,758.300966509647,72.2765
Rwanda,RWA,2018,19.2,Africa,771.773511207309,77.6795
Rwanda,RWA,2019,21.358,Africa,810.051412137354,75.5985
Rwanda,RWA,2020,23.8,Africa,778.701498925026,81.2379
Rwanda,RWA,2021,24.4416,Africa,829.544845263697,81.6382
Rwanda,RWA,2022,31.2252,Africa,975.469323735369,80.5952
Saudi Arabia,SAU,2000,2.21069,Asia,11714.5623675159,8.50479
Saudi Arabia,SAU,2001,4.68105,Asia,10805.311325122,14.8382
Saudi Arabia,SAU,2002,6.38471,Asia,10586.0543471363,27.9604
Saudi Arabia,SAU,2003,8.00158,Asia,11487.220410693,38.5283
Saudi Arabia,SAU,2004,10.2345,Asia,13154.4978989446,46.6498
Saudi Arabia,SAU,2005,12.705,Asia,15975.7473782258,68.8923
Saudi Arabia,SAU,2006,19.4596,Asia,17563.6145370639,91.8024
Saudi Arabia,SAU,2007,30,Asia,18596.1502627898,126.965
Saudi Arabia,SAU,2008,36,Asia,22320.4888964331,154.587
Saudi Arabia,SAU,2009,38,Asia,17718.3911648365,185.255
Saudi Arabia,SAU,2010,41,Asia,22028.3901426586,204.969
Saudi Arabia,SAU,2011,47.5,Asia,27126.7498747702,206.852
Saudi Arabia,SAU,2012,54,Asia,28733.4375513452,195.843
Saudi Arabia,SAU,2013,60.5,Asia,27865.465604962,189.476
Saudi Arabia,SAU,2014,64.7137,Asia,27805.4850319422,181.857
Saudi Arabia,SAU,2015,69.6162,Asia,23256.1549553531,176.134
Saudi Arabia,SAU,2016,74.8793,Asia,22267.7217050387,156.041
Saudi Arabia,SAU,2017,94.1756,Asia,23929.2907135982,130.63
Saudi Arabia,SAU,2018,93.31,Asia,29360.0658968566,136.046
Saudi Arabia,SAU,2019,95.7247,Asia,29566.7933827436,135.526
Saudi Arabia,SAU,2020,97.8623,Asia,24338.8307301067,139.444
Saudi Arabia,SAU,2021,100,Asia,31920.7653655643,145.004
Saudi Arabia,SAU,2022,100,Asia,38510.2276211037,149.798
Sudan,SDN,2000,0.025785,Africa,362.116882324219,0.082684
Sudan,SDN,2001,0.140185,Africa,451.293304443359,0.364158
Sudan,SDN,2002,0.439478,Africa,506.262634277344,0.652707
Sudan,SDN,2003,0.538472,Africa,580.320251464844,1.76355
Sudan,SDN,2004,0.791562,Africa,705.113342285156,3.43152
Sudan,SDN,2005,1.29204,Africa,905.543640136719,5.84708
Sudan,SDN,2007,8.66,Africa,1444.37219238281,25.0826
Sudan,SDN,2016,14.1,Africa,1033.21594238281,67.3955
Sudan,SDN,2017,18.6,Africa,966.505676269531,67.0598
Sudan,SDN,2018,24.6,Africa,731.027465820313,68.0534
Sudan,SDN,2019,25.9,Africa,709.975280761719,72.4819
Sudan,SDN,2020,26.4383,Africa,577.795227050781,75.2207
Senegal,SEN,2000,0.403967,Africa,603.233162455158,2.51048
Senegal,SEN,2001,0.983794,Africa,637.213530563724,2.95518
Senegal,SEN,2002,1.00645,Africa,669.430447319209,5.28796
Senegal,SEN,2003,2.10144,Africa,817.888034221442,7.29792
Senegal,SEN,2004,4.38602,Africa,918.102079522155,10.2163
Senegal,SEN,2005,4.78668,Africa,979.846101520171,15.3986
Senegal,SEN,2006,5.61174,Africa,1017.20196747987,25.9356
Senegal,SEN,2007,6.89,Africa,1188.93877808175,30.8471
Senegal,SEN,2008,7.12,Africa,1398.79218010021,44.727
Senegal,SEN,2009,7.5,Africa,1308.69404336205,55.9396
Senegal,SEN,2010,8,Africa,1275.88357492357,66.0344
Senegal,SEN,2011,9.8,Africa,1374.67591873844,72.1733
Senegal,SEN,2012,10.8,Africa,1326.83798848379,86.1775
Senegal,SEN,2013,13.1,Africa,1379.83196553924,95.7911
Senegal,SEN,2014,17.7,Africa,1398.89137601382,101.608
Senegal,SEN,2015,21.7,Africa,1218.00613555438,102.509
Senegal,SEN,2016,25.6648,Africa,1266.43957151587,101.011
Senegal,SEN,2017,29.6431,Africa,1356.80518449031,101.831
Senegal,SEN,2018,35.3,Africa,1452.55612562445,104.056
Senegal,SEN,2019,43.4,Africa,1431.18128932159,109.342
Senegal,SEN,2020,53.3088,Africa,1461.08720350553,113.638
Senegal,SEN,2021,57.2554,Africa,1598.10676952274,115.325
Senegal,SEN,2022,59.2246,Africa,1574.0281059306,118.15
Singapore,SGP,2000,36,Asia,23852.8389514753,68.0851
Singapore,SGP,2001,41.6704,Asia,21699.7414868907,72.6793
Singapore,SGP,2002,47,Asia,22159.8373710639,79.8912
Singapore,SGP,2003,53.8379,Asia,23730.3840054566,86.4376
Singapore,SGP,2004,62,Asia,27608.080013423,95.6368
Singapore,SGP,2005,61,Asia,29961.3172812732,102.723
Singapore,SGP,2006,59,Asia,33768.4528234651,108.658
Singapore,SGP,2007,69.9,Asia,39432.8860198877,128.882
Singapore,SGP,2008,69,Asia,40008.5720489092,133.454
Singapore,SGP,2009,69,Asia,38926.8054365453,138.567
Singapore,SGP,2010,71,Asia,47236.683084953,145.452
Singapore,SGP,2011,71,Asia,53891.4570264372,150.404
Singapore,SGP,2012,72,Asia,55547.5553077786,152.41
Singapore,SGP,2013,80.9021,Asia,56967.4257940383,156.679
Singapore,SGP,2014,79.0292,Asia,57564.8023114977,148.478
Singapore,SGP,2015,79.013,Asia,55645.6068614606,149.006
Singapore,SGP,2016,84.4523,Asia,57005.5887176547,151.682
Singapore,SGP,2017,84.4523,Asia,61236.251270627,149.568
Singapore,SGP,2018,88.1656,Asia,66881.6067035265,152.074
Singapore,SGP,2019,88.9493,Asia,65952.0378959293,159.347
Singapore,SGP,2020,92.0043,Asia,61410.0792630788,150.259
Singapore,SGP,2021,96.9247,Asia,80056.1288247844,157.978
Singapore,SGP,2022,95.9539,Asia,90299.0694637269,173.005
Solomon Islands,SLB,2000,0.481297,Oceania,953.17190137706,0.261312
Solomon Islands,SLB,2001,0.468552,Oceania,911.791935385411,0.215308
Solomon Islands,SLB,2002,0.50192,Oceania,756.890296490792,0.218279
Solomon Islands,SLB,2003,0.55561,Oceania,895.984242546501,0.227393
Solomon Islands,SLB,2004,0.649673,Oceania,986.070953503889,0.632097
Solomon Islands,SLB,2005,0.844308,Oceania,1144.49233397681,1.24203
Solomon Islands,SLB,2006,1.64635,Oceania,1255.62447417684,1.42394
Solomon Islands,SLB,2007,2,Oceania,1390.14870956707,2.17932
Solomon Islands,SLB,2008,3,Oceania,1525.84666261203,5.89634
Solomon Islands,SLB,2009,4,Oceania,1554.70671006386,9.64988
Solomon Islands,SLB,2010,5,Oceania,1685.14535823757,21.6711
Solomon Islands,SLB,2011,6,Oceania,1924.05795643133,49.7105
Solomon Islands,SLB,2012,6.9974,Oceania,2066.25738638356,52.675
Solomon Islands,SLB,2013,8,Oceania,2161.38627543917,54.3084
Solomon Islands,SLB,2014,9,Oceania,2164.95289873002,61.0619
Solomon Islands,SLB,2015,10.0005,Oceania,2045.47721526649,66.422
Solomon Islands,SLB,2016,11.0009,Oceania,2082.62383124213,62.8903
Solomon Islands,SLB,2017,15.1,Oceania,2143.57670489272,67.865
Solomon Islands,SLB,2018,20.9,Oceania,2278.19908624102,67.9775
Solomon Islands,SLB,2019,26.3406,Oceania,2223.65890942466,65.662
Solomon Islands,SLB,2020,33.1974,Oceania,2063.32780991967,63.6671
Solomon Islands,SLB,2021,41.8392,Oceania,2043.44413170658,62.1565
Solomon Islands,SLB,2022,42.094,Oceania,1877.78104490956,62.0735
Sierra Leone,SLE,2000,0.118254,Africa,143.743743239644,0.269915
Sierra Leone,SLE,2001,0.160264,Africa,358.315716051546,0.573122
Sierra Leone,SLE,2002,0.176199,Africa,388.995111216836,1.3477
Sierra Leone,SLE,2003,0.190173,Africa,413.817607346927,2.18657
Sierra Leone,SLE,2004,0.203008,Africa,417.749983329227,NA
Sierra Leone,SLE,2005,0.215392,Africa,462.633324427945,NA
Sierra Leone,SLE,2006,0.227669,Africa,580.26796974773,NA
Sierra Leone,SLE,2007,0.239835,Africa,631.889926264998,13.4972
Sierra Leone,SLE,2008,0.25,Africa,705.359014080005,17.1136
Sierra Leone,SLE,2009,0.26,Africa,652.845806767943,19.1557
Sierra Leone,SLE,2010,0.58,Africa,685.039673490948,32.1403
Sierra Leone,SLE,2011,0.9,Africa,761.146365577281,33.4573
Sierra Leone,SLE,2012,2.5,Africa,937.504428180231,33.7349
Sierra Leone,SLE,2013,4,Africa,1117.47183075115,59.5766
Sierra Leone,SLE,2014,6.0573,Africa,1117.7586465721,69.1759
Sierra Leone,SLE,2015,6.34442,Africa,964.575980888989,80.3819
Sierra Leone,SLE,2016,11.7732,Africa,844.416411175476,87.1476
Sierra Leone,SLE,2017,13.2369,Africa,779.186007841728,89.7782
Sierra Leone,SLE,2018,14.4223,Africa,845.914540460932,84.1233
Sierra Leone,SLE,2019,15.7137,Africa,843.712517809977,87.0384
Sierra Leone,SLE,2020,17.1208,Africa,845.277557920549,87.0035
Sierra Leone,SLE,2021,18.6539,Africa,885.396401885395,101.637
Sierra Leone,SLE,2022,19.2287,Africa,860.371067916096,107.882
El Salvador,SLV,2000,1.1774,Americas,1982.87093542615,12.5119
El Salvador,SLV,2001,1.5,Americas,2058.04459070452,14.3729
El Salvador,SLV,2002,1.9,Americas,2115.41187355626,14.8467
El Salvador,SLV,2003,2.5,Americas,2207.83089518069,19.1676
El Salvador,SLV,2004,3.2,Americas,2285.68907438892,30.5192
El Salvador,SLV,2005,4.2,Americas,2447.39140845394,40.1585
El Salvador,SLV,2006,5.5,Americas,2665.61807194853,64.1687
El Salvador,SLV,2007,6.11,Americas,2830.65693770733,102.122
El Salvador,SLV,2008,10.08,Americas,2983.24829577976,115.282
El Salvador,SLV,2009,12.11,Americas,2910.18651752011,125.097
El Salvador,SLV,2010,15.9,Americas,3040.07300952878,126.896
El Salvador,SLV,2011,18.9,Americas,3330.60049486653,136.551
El Salvador,SLV,2012,20.3214,Americas,3497.91256915509,141.463
El Salvador,SLV,2013,23.1093,Americas,3582.26694005169,146.476
El Salvador,SLV,2014,24.7617,Americas,3666.01248913873,149.171
El Salvador,SLV,2015,26.8026,Americas,3790.34089108162,150.948
El Salvador,SLV,2016,28.9971,Americas,3901.34014965811,155.42
El Salvador,SLV,2017,33.8207,Americas,4020.12671373919,152.539
El Salvador,SLV,2018,43.8,Americas,4183.54620971358,151.669
El Salvador,SLV,2019,50.4912,Americas,4320.11671534627,167.089
El Salvador,SLV,2020,54.6014,Americas,3997.19279583709,159.575
El Salvador,SLV,2021,61.7527,Americas,4642.60743101342,176.973
El Salvador,SLV,2022,65.5298,Americas,5074.60210221806,183.249
San Marino,SMR,2000,48.7995,Europe,37600.7077379601,54.1177
San Marino,SMR,2001,50.3417,Europe,39035.1034290445,58.4092
San Marino,SMR,2002,50.8348,Europe,41790.8432718184,60.9618
San Marino,SMR,2003,50.0035,Europe,52529.9093701059,60.6975
San Marino,SMR,2004,50.5663,Europe,58232.0176184948,60.5787
San Marino,SMR,2005,50.2596,Europe,59877.8005839737,60.0238
San Marino,SMR,2006,50.2087,Europe,63270.7780755157,60.0857
San Marino,SMR,2007,50.3648,Europe,70124.4634385624,59.6944
San Marino,SMR,2008,54.52,Europe,75902.1320521765,82.1588
San Marino,SMR,2009,54.21,Europe,62428.9943269418,99.5314
San Marino,SMR,2011,49.6,Europe,55601.3929703047,110.246
San Marino,SMR,2017,60.1823,Europe,45192.0279766943,110.536
San Marino,SMR,2019,67.8507,Europe,46630.1443120725,111.823
San Marino,SMR,2020,77.95,Europe,44326.9556746411,112.169
San Marino,SMR,2021,81.67,Europe,54176.4798021628,115.701
San Marino,SMR,2022,85.0607,Europe,54190.8417700372,120.27
"Somalia, Fed. Rep.",SOM,2000,0.02,Africa,386.119274401275,0.905109
"Somalia, Fed. Rep.",SOM,2001,0.0790392,Africa,244.914842538455,0.924064
"Somalia, Fed. Rep.",SOM,2002,0.115614,Africa,229.598918310039,1.04711
"Somalia, Fed. Rep.",SOM,2003,0.376198,Africa,286.273025198975,2.01834
"Somalia, Fed. Rep.",SOM,2004,1.05345,Africa,375.410326225387,4.86334
"Somalia, Fed. Rep.",SOM,2005,1.07733,Africa,439.979907805478,4.69738
"Somalia, Fed. Rep.",SOM,2006,1.10022,Africa,457.996662206659,5.01116
"Somalia, Fed. Rep.",SOM,2007,1.12224,Africa,479.635628065289,5.29914
"Somalia, Fed. Rep.",SOM,2008,1.14269,Africa,507.03744334738,5.37594
"Somalia, Fed. Rep.",SOM,2009,1.16061,Africa,246.513251675105,5.35899
"Somalia, Fed. Rep.",SOM,2011,1.25,Africa,235.325945610434,14.5763
"Somalia, Fed. Rep.",SOM,2012,1.3767,Africa,350.261946720512,18.4574
"Somalia, Fed. Rep.",SOM,2013,1.5,Africa,393.398703952979,40.2732
"Somalia, Fed. Rep.",SOM,2014,1.63,Africa,429.431656725102,41.231
"Somalia, Fed. Rep.",SOM,2015,1.76,Africa,445.583080073396,42.2685
"Somalia, Fed. Rep.",SOM,2016,1.88,Africa,460.928490585175,46.3667
"Somalia, Fed. Rep.",SOM,2017,2.00405,Africa,510.939952317726,47.7253
"Somalia, Fed. Rep.",SOM,2020,15.0237,Africa,518.16113333875,53.1133
"Somalia, Fed. Rep.",SOM,2022,27.6,Africa,573.141165798229,49.6801
Serbia,SRB,2004,23.5,Europe,3597.08798057009,51.1718
Serbia,SRB,2005,26.3,Europe,3807.97417321786,73.72
Serbia,SRB,2006,27.2,Europe,4492.7136699046,89.3759
Serbia,SRB,2007,33.15,Europe,6081.08765700202,114.296
Serbia,SRB,2008,35.6,Europe,7376.73517910716,130.695
Serbia,SRB,2009,38.1,Europe,6414.0448463847,135.323
Serbia,SRB,2010,40.9,Europe,5970.92660940072,136.015
Serbia,SRB,2011,42.2,Europe,7082.2861666075,141.043
Serbia,SRB,2012,48.1,Europe,6263.04086072815,127.199
Serbia,SRB,2013,53.4504,Europe,7040.41812068781,128.668
Serbia,SRB,2014,62.0751,Europe,6886.67809068704,131.353
Serbia,SRB,2015,65.317,Europe,5820.3215576888,129.384
Serbia,SRB,2016,67.0568,Europe,5982.37030126471,129.177
Serbia,SRB,2017,70.3308,Europe,6548.03653824187,123.143
Serbia,SRB,2018,73.3607,Europe,7559.86165747394,121.075
Serbia,SRB,2019,77.4168,Europe,7755.632986437,122.048
Serbia,SRB,2020,78.368,Europe,8098.70955668849,120.217
Serbia,SRB,2021,81.1659,Europe,9680.52798074468,125.076
Serbia,SRB,2022,83.5383,Europe,10024.8191112596,129.813
South Sudan,SSD,2013,2.2,Africa,1650.18943353528,25.5522
South Sudan,SSD,2014,2.6,Africa,1242.73450181032,25.5993
South Sudan,SSD,2015,3,Africa,1080.14718624765,26.0993
South Sudan,SSD,2016,3.5,Africa,NA,24.9305
South Sudan,SSD,2017,4.1,Africa,NA,27.1848
South Sudan,SSD,2018,4.8,Africa,NA,18.9298
South Sudan,SSD,2019,6.7,Africa,NA,21.3171
South Sudan,SSD,2020,9.27123,Africa,NA,NA
Sao Tome and Principe,STP,2000,4.63852,Africa,529.089383412262,0
Sao Tome and Principe,STP,2001,6.31092,Africa,518.88050130005,0
Sao Tome and Principe,STP,2002,7.58067,Africa,568.10257252271,1.32069
Sao Tome and Principe,STP,2003,10.1618,Africa,663.696211810494,3.133
Sao Tome and Principe,STP,2004,13.3229,Africa,726.560882130444,4.91107
Sao Tome and Principe,STP,2005,13.7595,Africa,844.169181884274,7.39487
Sao Tome and Principe,STP,2006,14.182,Africa,861.970707697664,11.1231
Sao Tome and Principe,STP,2007,14.5905,Africa,878.885791918745,17.7366
Sao Tome and Principe,STP,2008,15.48,Africa,1081.8684584729,29.0869
Sao Tome and Principe,STP,2009,16.41,Africa,1128.28046213305,45.4471
Sao Tome and Principe,STP,2010,18.75,Africa,1045.20958234528,56.5065
Sao Tome and Principe,STP,2011,20.1612,Africa,1219.80189089671,61.9653
Sao Tome and Principe,STP,2012,21.5724,Africa,1192.0202911189,64.4915
Sao Tome and Principe,STP,2013,23,Africa,1382.5757842916,64.8875
Sao Tome and Principe,STP,2014,24.41,Africa,1489.67633417608,65.3057
Sao Tome and Principe,STP,2015,25.82,Africa,1298.10946596396,92.3511
Sao Tome and Principe,STP,2016,28,Africa,1434.87018050521,87.4112
Sao Tome and Principe,STP,2017,32.6,Africa,1555.79477812888,84.0523
Sao Tome and Principe,STP,2018,38,Africa,1825.59971753966,77.3644
Sao Tome and Principe,STP,2019,44.3,Africa,1935.2931816596,77.6791
Sao Tome and Principe,STP,2020,51.5547,Africa,2167.22001796925,80.1173
Sao Tome and Principe,STP,2021,61.5241,Africa,2362.58827248102,85.2578
Sao Tome and Principe,STP,2022,61.5535,Africa,2389.73729784737,86.7785
Suriname,SUR,2000,2.50641,Americas,1988.22172925433,8.6119
Suriname,SUR,2001,3.06445,Americas,1714.64846637242,17.8806
Suriname,SUR,2002,4.16157,Americas,2202.340682196,21.8231
Suriname,SUR,2003,4.71988,Americas,2516.10404020956,33.2775
Suriname,SUR,2004,6.07605,Americas,2887.7721728844,41.4107
Suriname,SUR,2005,6.40309,Americas,3453.42865937765,44.8256
Suriname,SUR,2006,9.49963,Americas,5002.65798695759,60.9527
Suriname,SUR,2007,14.11,Americas,5530.17615638309,71.5609
Suriname,SUR,2008,21.06,Americas,6576.08546307249,122.31
Suriname,SUR,2009,31.36,Americas,7129.5768626291,140.537
Suriname,SUR,2010,31.59,Americas,7943.60482816915,94.7707
Suriname,SUR,2011,32,Americas,7949.88867218383,95.9108
Suriname,SUR,2012,34.6812,Americas,8851.24050668908,101.144
Suriname,SUR,2013,37.4,Americas,9043.19281529222,152.648
Suriname,SUR,2014,40.08,Americas,9108.18905406764,161.252
Suriname,SUR,2015,42.7638,Americas,8813.61705392067,129.027
Suriname,SUR,2016,45.4,Americas,5644.2061057532,137.281
Suriname,SUR,2017,48.9452,Americas,6049.52128553675,134.05
Suriname,SUR,2018,55.1,Americas,6665.74180472239,125.48
Suriname,SUR,2019,62,Americas,6629.66775248603,134.349
Suriname,SUR,2020,69.8369,Americas,4755.39221710693,146.875
Suriname,SUR,2021,76.572,Americas,5029.84838543953,146.654
Suriname,SUR,2022,77.6494,Americas,6084.43876736445,149.052
Slovak Republic,SVK,2000,9.4268,Europe,5421.6448441887,23.1178
Slovak Republic,SVK,2001,12.5283,Europe,5712.47802761654,39.9174
Slovak Republic,SVK,2002,40.14,Europe,6554.62808369461,54.3613
Slovak Republic,SVK,2003,43.04,Europe,8675.39633696465,68.4271
Slovak Republic,SVK,2004,52.89,Europe,10650.1290097126,79.5226
Slovak Republic,SVK,2005,55.19,Europe,11641.5410321763,84.4454
Slovak Republic,SVK,2006,56.08,Europe,13167.8954730379,91.0056
Slovak Republic,SVK,2007,61.8,Europe,16110.4817265237,112.852
Slovak Republic,SVK,2008,66.05,Europe,18744.3192278346,102.62
Slovak Republic,SVK,2009,70,Europe,16586.7527805228,102.092
Slovak Republic,SVK,2010,75.71,Europe,16899.448680529,109.888
Slovak Republic,SVK,2011,74.44,Europe,18469.4354316836,110.836
Slovak Republic,SVK,2012,76.71,Europe,17516.9691054078,112.759
Slovak Republic,SVK,2013,77.8826,Europe,18312.7805149823,114.749
Slovak Republic,SVK,2014,79.9843,Europe,18770.9289896545,117.781
Slovak Republic,SVK,2015,77.6347,Europe,16442.0760860018,123.159
Slovak Republic,SVK,2016,80.4759,Europe,16636.0769133073,128.792
Slovak Republic,SVK,2017,81.6257,Europe,17645.5298716761,130.945
Slovak Republic,SVK,2018,80.4489,Europe,19573.3717031314,133.04
Slovak Republic,SVK,2019,82.8537,Europe,19406.0589683582,135.756
Slovak Republic,SVK,2020,89.9209,Europe,19735.4858280801,133.633
Slovak Republic,SVK,2021,88.9256,Europe,22123.3342114545,135.268
Slovak Republic,SVK,2022,89.0677,Europe,21317.7943982363,136.029
Slovenia,SVN,2000,15.1103,Europe,10135.7219109212,61.1834
Slovenia,SVN,2001,30.1759,Europe,10375.6255869861,73.8855
Slovenia,SVN,2002,27.8389,Europe,11639.1297780477,83.7145
Slovenia,SVN,2003,31.8548,Europe,14711.674874253,87.2851
Slovenia,SVN,2004,40.81,Europe,17103.8297783905,92.7311
Slovenia,SVN,2005,46.81,Europe,17969.7095907161,88.0975
Slovenia,SVN,2006,54.01,Europe,19563.005059144,90.8372
Slovenia,SVN,2007,56.74,Europe,23725.1596001515,95.7428
Slovenia,SVN,2008,58,Europe,27461.9764165315,101.472
Slovenia,SVN,2009,64,Europe,24501.7897290425,103.185
Slovenia,SVN,2010,70,Europe,23329.8417691156,103.783
Slovenia,SVN,2011,67.34,Europe,24940.6284841605,105.845
Slovenia,SVN,2012,68.35,Europe,22442.1417859955,109.148
Slovenia,SVN,2013,72.6756,Europe,23236.9655321695,111.045
Slovenia,SVN,2014,71.5863,Europe,24013.0682060959,113.019
Slovenia,SVN,2015,73.0987,Europe,20697.2748530619,114.271
Slovenia,SVN,2016,75.4985,Europe,21447.8377796036,115.736
Slovenia,SVN,2017,78.8854,Europe,23303.077705959,118.462
Slovenia,SVN,2018,79.75,Europe,25888.0481065655,119.153
Slovenia,SVN,2019,83.1084,Europe,25814.1687167572,120.569
Slovenia,SVN,2020,86.6013,Europe,25392.0651093612,121.331
Slovenia,SVN,2021,89.004,Europe,29192.8401933019,123.363
Slovenia,SVN,2022,88.9125,Europe,28360.3041467268,126.459
Sweden,SWE,2000,45.6877,Europe,29632.5890811623,71.824
Sweden,SWE,2001,51.7657,Europe,27259.3174300217,80.6878
Sweden,SWE,2002,70.57,Europe,29957.7776664916,89.064
Sweden,SWE,2003,79.13,Europe,37292.2419727801,98.2426
Sweden,SWE,2004,83.89,Europe,42758.0048564929,97.6783
Sweden,SWE,2005,84.83,Europe,43378.4077394363,100.822
Sweden,SWE,2006,87.76,Europe,46531.3762240485,105.797
Sweden,SWE,2007,82.01,Europe,53568.3057787832,110.588
Sweden,SWE,2008,90,Europe,55817.1759726485,108.613
Sweden,SWE,2009,91,Europe,46707.6425044751,112.273
Sweden,SWE,2010,90,Europe,52542.5759090299,117.212
Sweden,SWE,2011,92.77,Europe,60379.4814599322,121.219
Sweden,SWE,2012,93.18,Europe,57749.5615420853,124.465
Sweden,SWE,2013,94.7836,Europe,60843.9888799369,125.142
Sweden,SWE,2014,92.5236,Europe,59583.4584491714,126.98
Sweden,SWE,2015,90.6102,Europe,51188.1652120493,128.974
Sweden,SWE,2016,89.6509,Europe,51703.5088332851,126.402
Sweden,SWE,2017,93.0063,Europe,53210.2233318965,124.473
Sweden,SWE,2018,89.247,Europe,54018.4554391861,124.086
Sweden,SWE,2019,94.4934,Europe,51648.9892820514,125.457
Sweden,SWE,2020,94.5394,Europe,52568.5726980146,123.549
Sweden,SWE,2021,94.6703,Europe,60647.5416365347,124.961
Sweden,SWE,2022,95.0097,Europe,54836.8907235124,140.782
Eswatini,SWZ,2000,0.926192,Africa,1629.67038842815,3.16877
Eswatini,SWZ,2001,1.28159,Africa,1429.85630359447,5.23279
Eswatini,SWZ,2002,1.8162,Africa,1315.73634647994,6.41848
Eswatini,SWZ,2003,2.43707,Africa,2015.21743065251,7.9685
Eswatini,SWZ,2004,3.22869,Africa,2525.5640452625,13.5115
Eswatini,SWZ,2005,3.69696,Africa,2871.06877437449,18.5353
Eswatini,SWZ,2006,3.69654,Africa,2964.95865200682,23.0535
Eswatini,SWZ,2007,4.1,Africa,3109.11097608864,34.8399
Eswatini,SWZ,2008,6.85,Africa,2946.8606613746,48.4152
Eswatini,SWZ,2009,8.94,Africa,3189.79679956637,60.1213
Eswatini,SWZ,2010,11.04,Africa,3922.74039390733,65.2905
Eswatini,SWZ,2011,18.13,Africa,4225.06049411911,68.5737
Eswatini,SWZ,2012,20.7818,Africa,4224.54789174487,71.6279
Eswatini,SWZ,2013,24.7,Africa,3949.94310039907,79.0272
Eswatini,SWZ,2014,25,Africa,3771.07228381938,80.683
Eswatini,SWZ,2015,25.643,Africa,3419.82276559528,82.3407
Eswatini,SWZ,2016,28.57,Africa,3238.17611961364,86.5588
Eswatini,SWZ,2017,35.3,Africa,3853.09956569679,88.713
Eswatini,SWZ,2018,39.4,Africa,3972.65450620357,89.2004
Eswatini,SWZ,2019,43.9,Africa,3913.14577547336,91.0519
Eswatini,SWZ,2020,49.013,Africa,3466.56936278145,104.747
Eswatini,SWZ,2021,53.9953,Africa,3984.00229174306,118.627
Eswatini,SWZ,2022,57.465,Africa,3894.1620089869,121.492
Seychelles,SYC,2000,7.39563,Africa,8063.65500575169,31.1589
Seychelles,SYC,2001,11.0151,Africa,8153.2986369879,43.3574
Seychelles,SYC,2002,14.3042,Africa,8864.16919495467,52.0994
Seychelles,SYC,2003,14.5925,Africa,9070.28460757013,56.563
Seychelles,SYC,2004,24.2721,Africa,10827.671636033,61.6736
Seychelles,SYC,2005,25.4133,Africa,11802.1118276833,65.8773
Seychelles,SYC,2006,34.952,Africa,12782.9938926475,77.833
Seychelles,SYC,2007,38.38,Africa,12669.302668722201,84.4864
Seychelles,SYC,2008,40.44,Africa,11265.4376270005,101.004
Seychelles,SYC,2010,41,Africa,10934.79494629,123.814
Seychelles,SYC,2011,43.164,Africa,12110.0937461973,130.477
Seychelles,SYC,2012,47.076,Africa,12337.1554669388,137.107
Seychelles,SYC,2013,50.4,Africa,14821.2921476077,133.986
Seychelles,SYC,2014,51.2547,Africa,15188.1902175113,144.606
Seychelles,SYC,2015,54.2596,Africa,15333.1051727105,138.249
Seychelles,SYC,2016,56.5147,Africa,16566.9946042294,138.277
Seychelles,SYC,2017,62.6,Africa,17480.3651911372,148.792
Seychelles,SYC,2018,69.2,Africa,18440.2340460932,155.551
Seychelles,SYC,2019,76.6,Africa,19141.5118743615,164.617
Seychelles,SYC,2020,84.8223,Africa,14041.4754074575,152.545
Seychelles,SYC,2021,87.3383,Africa,14982.9111487767,149.479
Seychelles,SYC,2022,87.0353,Africa,16836.6721895387,163.43
Syrian Arab Republic,SYR,2000,0.181699,Asia,1138.1884854278,0.180311
Syrian Arab Republic,SYR,2001,0.353759,Asia,1186.82913474027,1.17293
Syrian Arab Republic,SYR,2002,2.0931,Asia,1183.2473451033,2.28986
Syrian Arab Republic,SYR,2003,3.39797,Asia,1220.179077256,6.62407
Syrian Arab Republic,SYR,2004,4.32159,Asia,1368.1148230028,12.7939
Syrian Arab Republic,SYR,2005,5.64811,Asia,1533.90166536568,15.6797
Syrian Arab Republic,SYR,2006,7.83255,Asia,1718.78347217338,23.8071
Syrian Arab Republic,SYR,2007,11.5,Asia,1937.61138578027,29.8537
Syrian Arab Republic,SYR,2008,14,Asia,2429.12477087189,32.6122
Syrian Arab Republic,SYR,2009,17.3,Asia,2462.20193643202,45.6017
Syrian Arab Republic,SYR,2010,20.7,Asia,2730.61477118949,52.0229
Syrian Arab Republic,SYR,2011,22.5,Asia,2952.14349372257,56.4601
Syrian Arab Republic,SYR,2012,24.3001,Asia,1897.66115018696,57.0305
Syrian Arab Republic,SYR,2013,26.2,Asia,985.892669227054,56.7277
Syrian Arab Republic,SYR,2014,28.09,Asia,1060.59105886854,69.2512
Syrian Arab Republic,SYR,2015,29.9798,Asia,847.731631942565,73.6811
Syrian Arab Republic,SYR,2016,31.8696,Asia,656.3490586313,69.5529
Syrian Arab Republic,SYR,2017,32.7,Asia,851.502005254153,80.0326
Syrian Arab Republic,SYR,2018,33.77,Asia,1098.0668642357,87.4952
Syrian Arab Republic,SYR,2019,34.65,Asia,1109.53926036049,87.1297
Chad,TCD,2000,0.0357071,Africa,163.121663683369,0.064614
Chad,TCD,2001,0.0459341,Africa,194.32295331156,0.249883
Chad,TCD,2002,0.16607,Africa,219.061391951349,0.375157
Chad,TCD,2003,0.320309,Africa,289.087621122168,0.685088
Chad,TCD,2004,0.36092,Africa,445.850767157087,1.23991
Chad,TCD,2005,0.399258,Africa,838.092107712557,2.03329
Chad,TCD,2006,0.581046,Africa,906.897260572747,4.35335
Chad,TCD,2007,0.847225,Africa,980.483531485103,8.28717
Chad,TCD,2008,1.19,Africa,1166.36883453841,13.9418
Chad,TCD,2009,1.5,Africa,1035.63719694254,19.1808
Chad,TCD,2010,1.7,Africa,1141.80069268412,23.3526
Chad,TCD,2011,1.9,Africa,1308.1421872538,28.739
Chad,TCD,2012,2.1,Africa,1354.34344701937,33.3229
Chad,TCD,2013,2.5,Africa,1304.88742971475,33.3154
Chad,TCD,2014,2.9,Africa,1278.78981422494,37.0123
Chad,TCD,2015,3.5,Africa,993.990730610869,37.3153
Chad,TCD,2016,5.8,Africa,861.831767630746,36.9556
Chad,TCD,2017,6.4,Africa,854.46120040098,40.7649
Chad,TCD,2018,7,Africa,948.656629871231,43.2279
Chad,TCD,2019,7.6,Africa,893.336441643325,45.9379
Chad,TCD,2020,8.34311,Africa,866.947814890409,50.4343
Chad,TCD,2021,13.1283,Africa,946.358500208374,58.0323
Chad,TCD,2022,12.4865,Africa,966.036468278568,65.4378
Togo,TGO,2000,0.8,Africa,409.889802792768,0.972756
Togo,TGO,2001,0.9,Africa,396.692654520135,1.80013
Togo,TGO,2002,1,Africa,445.238691488925,3.05061
Togo,TGO,2003,1.2,Africa,538.16537776929,4.38771
Togo,TGO,2004,1.5,Africa,560.266308533382,5.83805
Togo,TGO,2005,1.8,Africa,551.259850017077,7.41937
Togo,TGO,2006,2,Africa,552.50227125256,11.7791
Togo,TGO,2007,2.2,Africa,607.587886721352,19.2349
Togo,TGO,2008,2.4,Africa,718.948386717473,24.3302
Togo,TGO,2009,2.6,Africa,720.693768151415,33.3849
Togo,TGO,2010,3,Africa,704.986772286079,38.652
Togo,TGO,2011,3.5,Africa,783.988944671672,38.9698
Togo,TGO,2012,4,Africa,762.39162379069,46.6464
Togo,TGO,2013,4.5,Africa,826.542799987227,58.5139
Togo,TGO,2014,5.7,Africa,855.584809246574,60.4369
Togo,TGO,2015,7.12,Africa,751.051987587248,63.3575
Togo,TGO,2016,11.31,Africa,772.581357620609,70.0588
Togo,TGO,2017,12.3602,Africa,792.765700965864,75.3357
Togo,TGO,2018,15.5,Africa,851.120561233595,74.3997
Togo,TGO,2019,20.7273,Africa,826.255209019798,73.7225
Togo,TGO,2020,29.0237,Africa,863.468665870276,75.164
Togo,TGO,2021,30.3384,Africa,962.075187515872,70.449700000000007
Togo,TGO,2022,35.5105,Africa,951.232378690387,72.2148
Thailand,THA,2000,3.68904,Asia,2005.97694514234,4.85019
Thailand,THA,2001,5.55633,Asia,1889.93432467144,11.8615
Thailand,THA,2002,7.53125,Asia,2089.75183111554,27.1524
Thailand,THA,2003,9.29903,Asia,2347.5400128606602,33.3244
Thailand,THA,2004,10.6773,Asia,2641.56268717857,41.1989
Thailand,THA,2005,15.026,Asia,2867.70383436062,46.1397
Thailand,THA,2006,17.1607,Asia,3331.32043511773,60.2777
Thailand,THA,2007,20.03,Asia,3918.52817434581,78.945
Thailand,THA,2008,18.2,Asia,4309.13509292986,91.4483
Thailand,THA,2009,20.1,Asia,4135.43986952819,96.8163
Thailand,THA,2010,22.4,Asia,4973.86288823778,104.589
Thailand,THA,2011,23.6699,Asia,5373.6232832898,112.233
Thailand,THA,2012,26.46,Asia,5725.52802835463,122.432
Thailand,THA,2013,28.94,Asia,6018.08244729255,134.367
Thailand,THA,2014,34.8861,Asia,5801.1978916205,138.281
Thailand,THA,2015,39.3161,Asia,5688.85335397884,145.933
Thailand,THA,2016,47.505,Asia,5833.57715617098,168.881
Thailand,THA,2017,52.8919,Asia,6413.09182530343,170.784
Thailand,THA,2018,56.8175,Asia,7099.77650081458,175.266
Thailand,THA,2019,66.6524,Asia,7605.69657797759,181.222
Thailand,THA,2020,77.8437,Asia,6985.64393892574,162.328
Thailand,THA,2021,85.2696,Asia,7057.20754802279,168.485
Thailand,THA,2022,87.9772,Asia,6909.35281815827,176.223
Tajikistan,TJK,2000,0.0485996,Asia,136.925716400723,0.0184574
Tajikistan,TJK,2001,0.0512591,Asia,168.676285365186,0.0254394
Tajikistan,TJK,2002,0.0554628,Asia,186.951638285222,0.202092
Tajikistan,TJK,2003,0.0645838,Asia,233.58124845289,0.715123
Tajikistan,TJK,2004,0.0774799,Asia,305.745158587502,1.98806
Tajikistan,TJK,2005,0.29869,Asia,333.927150941684,3.82687
Tajikistan,TJK,2006,3.77241,Asia,401.018403316427,30.4638
Tajikistan,TJK,2007,7.19762,Asia,516.997210618914,29.6445
Tajikistan,TJK,2008,8.78,Asia,703.327375898643,50.0588
Tajikistan,TJK,2009,10.07,Asia,664.795655734657,65.4186
Tajikistan,TJK,2010,11.55,Asia,737.338883219356,77.6363
Tajikistan,TJK,2011,13.03,Asia,833.601978202852,80.8201
Tajikistan,TJK,2012,14.51,Asia,952.452819695469,81.4566
Tajikistan,TJK,2013,16,Asia,1028.19704279396,91.7288
Tajikistan,TJK,2014,17.49,Asia,1081.54402932039,94.9386
Tajikistan,TJK,2015,18.98,Asia,956.916310930656,98.2087
Tajikistan,TJK,2016,20.47,Asia,788.710481734485,106.027
Tajikistan,TJK,2017,21.96,Asia,829.45714764957,109.004
Tajikistan,TJK,2020,27.5441,Asia,834.311715460625,118.819
Tajikistan,TJK,2021,49.8409,Asia,896.748053372182,116.225
Tajikistan,TJK,2022,53.1078,Asia,1052.17949484894,126.161
Turkmenistan,TKM,2000,0.133282,Asia,633.835487638011,0.16366
Turkmenistan,TKM,2001,0.17521,Asia,756.034976276398,0.174808
Turkmenistan,TKM,2002,0.302132,Asia,935.540801478466,0.171361
Turkmenistan,TKM,2003,0.425183,Asia,1228.94870289404,0.188883
Turkmenistan,TKM,2004,0.754054,Asia,1379.23009682692,1.01047
Turkmenistan,TKM,2005,0.997257,Asia,1604.01618452312,2.07828
Turkmenistan,TKM,2006,1.31957,Asia,1996.59310717308,4.2134
Turkmenistan,TKM,2007,1.40636,Asia,2414.96071986964,7.27816
Turkmenistan,TKM,2008,1.75,Asia,3605.50395120549,21.2375
Turkmenistan,TKM,2009,1.95,Asia,3707.97850699617,39.1242
Turkmenistan,TKM,2010,3,Asia,4058.53937000739,57.4662
Turkmenistan,TKM,2011,5,Asia,5143.61929334647,93.2538
Turkmenistan,TKM,2012,7.1958,Asia,6053.8748468749,101.574
Turkmenistan,TKM,2013,9.6,Asia,6599.64529055481,103.131
Turkmenistan,TKM,2014,12.2,Asia,7164.14536184006,118.613
Turkmenistan,TKM,2015,14.9968,Asia,5759.497903834,126.163
Turkmenistan,TKM,2016,17.9903,Asia,5686.98040962764,134.826
Turkmenistan,TKM,2017,21.251,Asia,5828.4816623489,NA
Timor-Leste,TLS,2002,0,Asia,533.982465942154,NA
Timor-Leste,TLS,2005,0.0990318,Asia,487.464506929223,3.48746
Timor-Leste,TLS,2006,0.5,Asia,464.667016791076,5.02766
Timor-Leste,TLS,2007,1,Asia,540.154630518785,7.78345
Timor-Leste,TLS,2008,1.5,Asia,628.153191495026,12.1076
Timor-Leste,TLS,2009,2,Asia,686.579329690731,33.141
Timor-Leste,TLS,2010,3,Asia,813.060220670369,43.6092
Timor-Leste,TLS,2011,4,Asia,939.045238884406,55.318600000000004
Timor-Leste,TLS,2012,7,Asia,1022.61906675901,54.7192
Timor-Leste,TLS,2013,11,Asia,1204.56843320518,56.0976
Timor-Leste,TLS,2014,17.5,Asia,1224.74956308733,116.401
Timor-Leste,TLS,2015,18.6,Asia,1319.59295003154,114.234
Timor-Leste,TLS,2016,21.2,Asia,1335.54391073349,121.478
Timor-Leste,TLS,2017,24.2,Asia,1266.17771143471,124.36
Timor-Leste,TLS,2018,27.6,Asia,1219.46599728983,115.089
Timor-Leste,TLS,2019,28.0046,Asia,1562.36458068032,109.555
Timor-Leste,TLS,2020,32.0127,Asia,1630.86938521256,103.911
Timor-Leste,TLS,2021,35.042,Asia,2684.92676774277,102.669
Timor-Leste,TLS,2022,34.5102,Asia,2343.24954740187,108.158
Tonga,TON,2000,2.4344,Oceania,1995.07667546271,0.175307
Tonga,TON,2001,2.82537,Oceania,1753.51667576626,0.228487
Tonga,TON,2002,2.9073,Oceania,1759.4805324576,3.22891
Tonga,TON,2003,2.98582,Oceania,1936.04104012389,10.7214
Tonga,TON,2004,3.95237,Oceania,2195.44890047673,15.6085
Tonga,TON,2005,4.90778,Oceania,2477.72620144825,28.2689
Tonga,TON,2006,5.85394,Oceania,2750.34778600857,28.2825
Tonga,TON,2007,7.17987,Oceania,2797.06560109144,43.5929
Tonga,TON,2008,8.11077,Oceania,3218.45303993196,47.1613
Tonga,TON,2009,10,Oceania,2914.23774004564,49.4389
Tonga,TON,2010,16,Oceania,3416.08356601207,50.5587
Tonga,TON,2011,25,Oceania,3849.99375750134,51.1295
Tonga,TON,2012,30,Oceania,4384.17058724217,52.1124
Tonga,TON,2013,32.754,Oceania,4219.24670113014,53.6992
Tonga,TON,2014,35.9544,Oceania,4136.59013792529,63.7845
Tonga,TON,2015,38.6513,Oceania,4123.90323993332,69.2709
Tonga,TON,2016,39.95,Oceania,3987.98626206287,75.8121
Tonga,TON,2017,46.2,Oceania,4365.92932788383,102.451
Tonga,TON,2021,57.5486,Oceania,4922.80171378368,60.9802
Tonga,TON,2022,57.7181,Oceania,5298.01941509951,61.7258
Trinidad and Tobago,TTO,2000,7.72141,Americas,6178.58975559687,12.2642
Trinidad and Tobago,TTO,2001,15.3846,Americas,6657.41466937221,19.3205
Trinidad and Tobago,TTO,2002,21.9987,Americas,6762.93080808096,19.7275
Trinidad and Tobago,TTO,2003,25.971800000000002,Americas,8445.04653518298,25.1251
Trinidad and Tobago,TTO,2004,27.0243,Americas,9871.03419820086,48.4019
Trinidad and Tobago,TTO,2005,28.9767,Americas,12346.4373094075,68.3489
Trinidad and Tobago,TTO,2006,30.0037,Americas,14152.6607422113,111.783
Trinidad and Tobago,TTO,2007,32.3,Americas,16606.675360681,110.578
Trinidad and Tobago,TTO,2008,34.8,Americas,21298.9945258063,131.633
Trinidad and Tobago,TTO,2009,44.3,Americas,14634.0565003912,133.885
Trinidad and Tobago,TTO,2010,48.5,Americas,16815.424737361,136.605
Trinidad and Tobago,TTO,2011,55.2,Americas,19151.0870229722,130.912
Trinidad and Tobago,TTO,2012,57.5,Americas,20332.1389531925,134.184
Trinidad and Tobago,TTO,2013,59.9,Americas,21304.9777496628,137.604
Trinidad and Tobago,TTO,2014,62.4,Americas,21908.3014555644,139.365
Trinidad and Tobago,TTO,2015,65.1,Americas,19887.2327716498,148.572
Trinidad and Tobago,TTO,2016,67.8,Americas,17449.1538801956,150.717
Trinidad and Tobago,TTO,2017,70.6,Americas,17566.0999700656,140.503
Trinidad and Tobago,TTO,2018,72.8,Americas,17571.498737278,134.143
Trinidad and Tobago,TTO,2019,75,Americas,17212.6128892163,145.716
Trinidad and Tobago,TTO,2020,77.2813,Americas,15283.6270531554,134.231
Trinidad and Tobago,TTO,2021,84.3658,Americas,17712.5674104655,134.222
Trinidad and Tobago,TTO,2022,84.4957,Americas,20750.5202434652,133.632
Tunisia,TUN,2000,2.75074,Africa,2199.04465936314,1.22034
Tunisia,TUN,2001,4.29797,Africa,2235.71981624751,3.94347
Tunisia,TUN,2002,5.25289,Africa,2320.7723805785,5.75975
Tunisia,TUN,2003,6.49085,Africa,2725.8643148859,19.0389
Tunisia,TUN,2004,8.52882,Africa,3067.41936376975,36.7464
Tunisia,TUN,2005,9.65509,Africa,3146.8260743927,55.3921
Tunisia,TUN,2006,12.9864,Africa,3322.56933570096,70.9333
Tunisia,TUN,2007,17.1,Africa,3726.91672935667,75.1086
Tunisia,TUN,2008,27.53,Africa,4255.05008019523,81.5941
Tunisia,TUN,2009,34.07,Africa,4080.09032448781,91.985
Tunisia,TUN,2010,36.8,Africa,4291.86120891575,103.235
Tunisia,TUN,2011,39.1,Africa,4420.64772206537,113.794
Tunisia,TUN,2012,41.4416,Africa,4297.26782454273,116.66
Tunisia,TUN,2013,43.8,Africa,4369.79345826358,114.101
Tunisia,TUN,2014,46.16,Africa,4458.97895464547,126.692
Tunisia,TUN,2015,46.5,Africa,4014.94773686432,128.009
Tunisia,TUN,2016,49.6,Africa,3847.80354448809,123.883
Tunisia,TUN,2017,55.5002,Africa,3619.03247319953,123.034
Tunisia,TUN,2018,64.1908,Africa,3628.10366464236,125.533
Tunisia,TUN,2019,66.7,Africa,3528.87213306798,124.387
Tunisia,TUN,2020,68.5564,Africa,3548.65363663803,124.042
Tunisia,TUN,2021,68.3155,Africa,3906.93926319391,129.846
Tunisia,TUN,2022,70.5532,Africa,3707.29283414381,131.875
Turkiye,TUR,2000,3.76169,Asia,4199.3798635759,24.659
Turkiye,TUR,2001,5.18948,Asia,3052.2256706793,29.5462
Turkiye,TUR,2002,11.38,Asia,3591.08628982587,34.7853
Turkiye,TUR,2003,12.33,Asia,4649.63668068586,41.1128
Turkiye,TUR,2004,14.58,Asia,5979.6054216148,50.5995
Turkiye,TUR,2005,15.46,Asia,7331.85429430255,62.901
Turkiye,TUR,2006,18.24,Asia,7990.08251407245,75.1837
Turkiye,TUR,2007,28.63,Asia,9766.91734545294,87.5976
Turkiye,TUR,2008,34.37,Asia,10913.4079047769,91.9815
Turkiye,TUR,2009,36.4,Asia,9076.92472236977,86.6345
Turkiye,TUR,2010,39.82,Asia,10698.9699409757,84.2159
Turkiye,TUR,2011,43.0657,Asia,11373.6355760885,88.0167
Turkiye,TUR,2012,45.13,Asia,11776.7593362033,90.0041
Turkiye,TUR,2013,46.25,Asia,12635.5570016068,91.1758
Turkiye,TUR,2014,51.0374,Asia,12209.3862327674,92.1219
Turkiye,TUR,2015,53.745,Asia,11064.6494504662,92.0327
Turkiye,TUR,2016,58.3477,Asia,10984.3643169061,91.9287
Turkiye,TUR,2017,64.6846,Asia,10756.3877677883,93.6408
Turkiye,TUR,2018,71.0428,Asia,9684.11819884721,94.9086
Turkiye,TUR,2019,73.9767,Asia,9395.23378001368,94.6498
Turkiye,TUR,2020,77.6696,Asia,8798.11791709313,95.3961
Turkiye,TUR,2021,81.4084,Asia,9981.76398411336,99.5415
Turkiye,TUR,2022,83.4372,Asia,10897.8397861365,103.721
Tuvalu,TUV,2000,5.24164,Oceania,1579.41906275542,0
Tuvalu,TUV,2001,5.7,Oceania,1456.78409421177,0
Tuvalu,TUV,2002,6.3,Oceania,1750.25175052348,0
Tuvalu,TUV,2003,6.9,Oceania,2006.84249941442,0
Tuvalu,TUV,2004,7.6,Oceania,2322.56265072892,5.09372
Tuvalu,TUV,2005,8.3,Oceania,2304.82694329052,13.0785
Tuvalu,TUV,2006,9.1,Oceania,2396.26844307702,15.9109
Tuvalu,TUV,2007,10,Oceania,2794.16310084119,17.6783
Tuvalu,TUV,2008,11.2,Oceania,3088.30877413836,NA
Tuvalu,TUV,2009,12.8,Oceania,2683.96749549583,9.55932
Tuvalu,TUV,2010,14.6,Oceania,3024.8170790571,15.0744
Tuvalu,TUV,2011,16.5,Oceania,3636.08139989792,19.7588
Tuvalu,TUV,2012,18.7,Oceania,3598.46163091053,25.6082
Tuvalu,TUV,2013,21.2,Oceania,3510.21640142483,30.9063
Tuvalu,TUV,2014,24.1,Oceania,3528.85858102782,34.5958
Tuvalu,TUV,2015,27.3,Oceania,3357.83417700071,60.2025
Tuvalu,TUV,2016,31,Oceania,3808.69755015909,69.5334
Tuvalu,TUV,2017,35.2,Oceania,4165.66338700106,73.6038
Tuvalu,TUV,2018,42.2865,Oceania,4466.12034928245,79.0624
Tuvalu,TUV,2019,50.7996,Oceania,5115.13075950206,85.0581
Tuvalu,TUV,2020,61.0265,Oceania,4976.11254109571,86.5468
Tuvalu,TUV,2021,73.3124,Oceania,5905.08198095343,88.2872
Tuvalu,TUV,2022,73.5846,Oceania,5911.32727055301,98.8591
Tanzania,TZA,2000,0.117194,Africa,401.698150634766,0.322585
Tanzania,TZA,2001,0.1713,Africa,396.638732910156,0.782879
Tanzania,TZA,2002,0.222484,Africa,402.649047851563,1.68006
Tanzania,TZA,2003,0.676963,Africa,422.18359375,3.49964
Tanzania,TZA,2004,0.877575,Africa,450.385284423828,5.09582
Tanzania,TZA,2005,1.1,Africa,483.334869384766,7.56468
Tanzania,TZA,2006,1.3,Africa,475.746734619141,13.9199
Tanzania,TZA,2007,1.6,Africa,543.198303222656,19.9153
Tanzania,TZA,2008,1.9,Africa,675.977233886719,30.5534
Tanzania,TZA,2009,2.4,Africa,693.823547363281,40.0364
Tanzania,TZA,2010,2.9,Africa,736.530151367188,46.8824
Tanzania,TZA,2011,3.2,Africa,775.392761230469,55.761
Tanzania,TZA,2012,3.95,Africa,861.969909667969,57.4558
Tanzania,TZA,2013,4.4,Africa,963.05712890625,56.2075
Tanzania,TZA,2014,7,Africa,1022.74841308594,63.2804
Tanzania,TZA,2015,10,Africa,939.127319335938,76.2493
Tanzania,TZA,2016,13.5042,Africa,953.0107421875,74.3984
Tanzania,TZA,2017,14.4634,Africa,986.674011230469,71.7912
Tanzania,TZA,2018,15.4907,Africa,1023.10626220703,75.7302
Tanzania,TZA,2019,16.5909,Africa,1063.32250976563,80.5836
Tanzania,TZA,2020,17.7693,Africa,1117.41528320313,84.0051
Tanzania,TZA,2021,19.0314,Africa,1159.85656738281,86.0163
Tanzania,TZA,2022,22.101,Africa,1207.52062988281,93.016
Uganda,UGA,2000,0.163714,Africa,258.050338731086,0.528801
Uganda,UGA,2001,0.237945,Africa,236.021188853993,1.14574
Uganda,UGA,2002,0.384094,Africa,241.984688408335,1.54041
Uganda,UGA,2003,0.46485,Africa,250.71543664681,2.94538
Uganda,UGA,2004,0.719971,Africa,292.38185796262,4.29039
Uganda,UGA,2005,1.74221,Africa,330.405402707025,4.70367
Uganda,UGA,2006,2.52936,Africa,346.518255310647,6.97652
Uganda,UGA,2007,3.67197,Africa,401.389130865581,14.1477
Uganda,UGA,2008,3.88,Africa,472.842681495852,28.0124
Uganda,UGA,2009,4.1,Africa,798.947089938247,29.8359
Uganda,UGA,2010,4.3,Africa,823.488144282,39.6047
Uganda,UGA,2011,4.6,Africa,835.620060555838,50.0591
Uganda,UGA,2012,4.8,Africa,795.222867553127,47.6343
Uganda,UGA,2013,5.1,Africa,818.285427416713,51.1323
Uganda,UGA,2014,5.4,Africa,896.054795546394,55.9572
Uganda,UGA,2015,5.8,Africa,862.934610355811,53.8756
Uganda,UGA,2016,5.9,Africa,752.696571725656,58.8634
Uganda,UGA,2020,7.4,Africa,845.766463890124,62.2824
Uganda,UGA,2021,10,Africa,882.791717542504,65.6221
Uganda,UGA,2022,11.1246,Africa,963.067314117178,70.1401
Ukraine,UKR,2000,0.716184,Europe,653.294311523438,1.67593
Ukraine,UKR,2001,1.23876,Europe,800.49072265625,4.59601
Ukraine,UKR,2002,1.87389,Europe,903.011901855469,7.6964
Ukraine,UKR,2003,3.14813,Europe,1076.48156738281,13.6577
Ukraine,UKR,2004,3.48948,Europe,1401.01806640625,29.0897
Ukraine,UKR,2005,3.74976,Europe,1875.33508300781,64.0054
Ukraine,UKR,2006,4.50612,Europe,2366.494140625,105.277
Ukraine,UKR,2007,6.55,Europe,3160.32763671875,119.088
Ukraine,UKR,2008,11,Europe,4017.806640625,120.558
Ukraine,UKR,2009,17.9,Europe,2607.08764648438,119.456
Ukraine,UKR,2010,23.3,Europe,3039.63232421875,117.768
Ukraine,UKR,2011,28.7083,Europe,3656.69799804688,121.942
Ukraine,UKR,2012,35.27,Europe,3951.34228515625,130.859
Ukraine,UKR,2013,40.9541,Europe,4129.89697265625,138.441
Ukraine,UKR,2014,46.236,Europe,3054.908203125,144.279
Ukraine,UKR,2015,48.8846,Europe,2094.47387695313,142.003
Ukraine,UKR,2016,53.001,Europe,2158.46118164063,133.169
Ukraine,UKR,2017,58.8895,Europe,2604.28759765625,131.357
Ukraine,UKR,2018,62.5532,Europe,3059.0517578125,127.754
Ukraine,UKR,2019,70.1248,Europe,3619.86157226563,130.629
Ukraine,UKR,2020,75.0379,Europe,3709.76928710938,129.341
Ukraine,UKR,2021,79.2183,Europe,4775.94580078125,135.026
Ukraine,UKR,2022,82.6753,Europe,4199.6708984375,120.261
Uruguay,URY,2000,10.5391,Americas,6987.70098766257,12.5769
Uruguay,URY,2001,11.1214,Americas,6382.76104740859,15.8812
Uruguay,URY,2002,11.4195,Americas,4149.76140312687,15.6618
Uruguay,URY,2003,15.9371,Americas,3671.12329256883,15.1631
Uruguay,URY,2004,17.0631,Americas,4168.66065438387,18.2681
Uruguay,URY,2005,20.0882,Americas,5284.25677987129,35.1492
Uruguay,URY,2006,29.4,Americas,6001.33294783172,70.8316
Uruguay,URY,2007,34,Americas,7222.05403645877,91.174
Uruguay,URY,2008,39.3,Americas,9423.96562595893,106.227
Uruguay,URY,2009,41.8,Americas,9881.39573127081,124.213
Uruguay,URY,2010,46.4,Americas,12641.0576849008,133.707
Uruguay,URY,2011,51.4047,Americas,15132.2675725587,143.002
Uruguay,URY,2012,54.4538,Americas,16259.5940814256,149.771
Uruguay,URY,2013,57.69,Americas,18335.2594772322,157.471
Uruguay,URY,2014,61.4625,Americas,18322.4276767157,163.783
Uruguay,URY,2015,64.5708,Americas,17125.9016800298,153.368
Uruguay,URY,2016,66.4,Americas,17009.7584207276,151.415
Uruguay,URY,2017,70.3224,Americas,19184.6502617082,150.44
Uruguay,URY,2018,80.7268,Americas,19249.9404677501,131.363
Uruguay,URY,2019,83.3515,Americas,18315.7316980028,133.237
Uruguay,URY,2020,85.471,Americas,15757.5355995779,133.902
Uruguay,URY,2021,87.6444,Americas,17881.818721099,138.113
Uruguay,URY,2022,89.873,Americas,20818.6146091144,139.829
United States,USA,2000,43.0792,Americas,36329.9560727102,38.8931
United States,USA,2001,49.0808,Americas,37133.623113437,45.202
United States,USA,2002,58.7854,Americas,37997.7596573051,49.3932
United States,USA,2003,61.6971,Americas,39490.2749557007,55.4096
United States,USA,2004,64.7583,Americas,41724.6316287624,63.1242
United States,USA,2005,67.9681,Americas,44123.4070679055,68.8835
United States,USA,2006,68.9312,Americas,46302.0008800056,76.8586
United States,USA,2007,75,Americas,48050.2237771135,82.5923
United States,USA,2008,74,Americas,48570.0459804586,85.6805
United States,USA,2009,71,Americas,47194.9433547336,89.0461
United States,USA,2010,71.69,Americas,48642.6100179312,91.6593
United States,USA,2011,69.7295,Americas,50024.868799398,94.683
United States,USA,2012,74.7,Americas,51708.4011556577,96.1284
United States,USA,2013,71.4,Americas,53179.0127634561,97.0595
United States,USA,2014,73,Americas,54973.4207515712,99.8396
United States,USA,2015,74.5542,Americas,56572.9188996063,101.832
United States,USA,2016,85.5444,Americas,57638.1018367192,102.752
United States,USA,2017,87.2749,Americas,59635.0984397965,102.381
United States,USA,2018,88.4989,Americas,62499.8744390068,103.935
United States,USA,2019,89.4303,Americas,64746.4506778863,105.321
United States,USA,2020,90.3447,Americas,63515.9491807833,103.855
United States,USA,2021,91.2684,Americas,70205.050916026,106.325
United States,USA,2022,92.2016,Americas,76657.2488844403,108.786
Uzbekistan,UZB,2000,0.484347,Asia,555.149231099186,0.214338
Uzbekistan,UZB,2001,0.597568,Asia,454.415812256778,0.510205
Uzbekistan,UZB,2002,1.08194,Asia,381.409296889283,0.735827
Uzbekistan,UZB,2003,1.9126,Asia,394.164028897235,1.24776
Uzbekistan,UZB,2004,2.59373,Asia,462.171492867885,2.09033
Uzbekistan,UZB,2005,3.34351,Asia,542.835808692209,2.73172
Uzbekistan,UZB,2006,6.38832,Asia,649.118167003925,9.47736
Uzbekistan,UZB,2007,7.4906,Asia,824.028192334768,21.0203
Uzbekistan,UZB,2008,9.08011,Asia,1074.72928796701,45.0095
Uzbekistan,UZB,2009,11.9,Asia,1205.7993547038,58.7627
Uzbekistan,UZB,2010,15.9,Asia,1753.20730243278,73.8123
Uzbekistan,UZB,2011,18.6,Asia,2087.86386135694,88.2685
Uzbekistan,UZB,2012,23.6,Asia,2307.34649117185,69.2849
Uzbekistan,UZB,2013,26.8,Asia,2461.97947403595,72.332
Uzbekistan,UZB,2014,35.5,Asia,2674.9628382103,71.5985
Uzbekistan,UZB,2015,42.8,Asia,2803.19018021751,70.8415
Uzbekistan,UZB,2016,46.7913,Asia,2753.37951427589,74.367
Uzbekistan,UZB,2017,48.7,Asia,2190.60411562888,76.2605
Uzbekistan,UZB,2018,55.2,Asia,1813.08530813664,71.7444
Uzbekistan,UZB,2019,70.4,Asia,2041.38480729431,101.26
Uzbekistan,UZB,2020,71.1,Asia,1978.28051860763,99.4064
Uzbekistan,UZB,2021,76.5904,Asia,2258.51964119278,102.41
Uzbekistan,UZB,2022,83.9,Asia,2578.66689394219,105.472
St. Vincent and the Grenadines,VCT,2000,3.24504,Americas,3768.95536604022,2.07935
St. Vincent and the Grenadines,VCT,2001,5.09481,Americas,4071.08601098962,6.60082
St. Vincent and the Grenadines,VCT,2002,5.54959,Americas,4303.27976789727,8.80659
St. Vincent and the Grenadines,VCT,2003,6.46227,Americas,4499.61454193342,55.6041
St. Vincent and the Grenadines,VCT,2004,7.37117,Americas,4873.48947742443,63.81
St. Vincent and the Grenadines,VCT,2005,9.19828,Americas,5157.39373878102,62.8012
St. Vincent and the Grenadines,VCT,2006,12,Americas,5744.8278621257,78.2349
St. Vincent and the Grenadines,VCT,2007,16,Americas,6398.19123532172,99.0675
St. Vincent and the Grenadines,VCT,2008,21,Americas,6598.90531450859,117.176
St. Vincent and the Grenadines,VCT,2009,31,Americas,6463.78777336717,109.597
St. Vincent and the Grenadines,VCT,2010,33.7,Americas,6551.96835992405,119.855
St. Vincent and the Grenadines,VCT,2011,36.7,Americas,6527.68996854448,120.54
St. Vincent and the Grenadines,VCT,2012,40,Americas,6713.80768643865,116.789
St. Vincent and the Grenadines,VCT,2013,43.5,Americas,7072.46737188939,115.946
St. Vincent and the Grenadines,VCT,2014,47.4,Americas,7168.82875342911,106.958
St. Vincent and the Grenadines,VCT,2015,49.4,Americas,7353.73556054184,105.994
St. Vincent and the Grenadines,VCT,2016,51.5,Americas,7656.90042881178,105.924
St. Vincent and the Grenadines,VCT,2017,53.7,Americas,7988.04445019298,109.635
St. Vincent and the Grenadines,VCT,2018,56,Americas,8428.12677153069,107.164
St. Vincent and the Grenadines,VCT,2019,59.5763,Americas,8740.59425232061,92.5178
St. Vincent and the Grenadines,VCT,2020,63.381,Americas,8351.20324040982,96.9438
St. Vincent and the Grenadines,VCT,2021,67.4287,Americas,8641.27904024443,95.5174
St. Vincent and the Grenadines,VCT,2022,71.7226,Americas,9693.55867833025,102.334
"Venezuela, RB",VEN,2000,3.3596,Americas,4776.2816763938,22.2091
"Venezuela, RB",VEN,2001,4.636,Americas,4920.39313600453,25.9111
"Venezuela, RB",VEN,2002,4.91045,Americas,3652.09896501865,25.7194
"Venezuela, RB",VEN,2003,7.49996,Americas,3229.50557082079,27.093
"Venezuela, RB",VEN,2004,8.40447,Americas,4269.08970872392,31.9693
"Venezuela, RB",VEN,2005,12.553,Americas,5432.4854184654,46.6505
"Venezuela, RB",VEN,2006,15.2247,Americas,6739.38065342218,69.0163
"Venezuela, RB",VEN,2007,20.83,Americas,8331.62096991844,86.1507
"Venezuela, RB",VEN,2008,25.88,Americas,11262.4514256759,97.7211
"Venezuela, RB",VEN,2009,32.7,Americas,11596.6021921731,98.8933
"Venezuela, RB",VEN,2010,37.37,Americas,13646.3046622664,96.762
"Venezuela, RB",VEN,2011,40.22,Americas,10843.9229703167,98.6184
"Venezuela, RB",VEN,2012,49.0501,Americas,12607.2361246243,103.435
"Venezuela, RB",VEN,2013,54.9,Americas,8656.35669723668,103.289
"Venezuela, RB",VEN,2014,57,Americas,7096.22047105512,100.905
"Venezuela, RB",VEN,2015,58,Americas,4103.1384987005,95.1578
"Venezuela, RB",VEN,2016,60,Americas,3670.15737848208,89.7131
"Venezuela, RB",VEN,2017,61.6,Americas,3791.33160682077,80.1355
British Virgin Islands,VGB,2002,18.8857,Americas,NA,37.3308
British Virgin Islands,VGB,2009,36,Americas,NA,172.794
British Virgin Islands,VGB,2010,37,Americas,NA,171.722
British Virgin Islands,VGB,2011,37.4,Americas,NA,162.302
British Virgin Islands,VGB,2012,37.6,Americas,NA,160.498
British Virgin Islands,VGB,2016,77.7014,Americas,NA,117.153
British Virgin Islands,VGB,2017,77.7043,Americas,NA,134.692
Virgin Islands (U.S.),VIR,2000,13.8151,Americas,NA,32.2346
Virgin Islands (U.S.),VIR,2001,18.3758,Americas,NA,37.7793
Virgin Islands (U.S.),VIR,2002,27.4944,Americas,30062.0225050457,41.6444
Virgin Islands (U.S.),VIR,2003,27.4291,Americas,31731.2566241187,45.5764
Virgin Islands (U.S.),VIR,2004,27.377,Americas,35006.3614404514,59.5354
Virgin Islands (U.S.),VIR,2005,27.3443,Americas,40828.7460927775,74.6241
Virgin Islands (U.S.),VIR,2006,27.3326,Americas,41377.1466009652,NA
Virgin Islands (U.S.),VIR,2007,27.3393,Americas,44158.5054044325,NA
Virgin Islands (U.S.),VIR,2008,27.3618,Americas,39152.3750657306,NA
Virgin Islands (U.S.),VIR,2009,27.3965,Americas,38753.1825393897,NA
Virgin Islands (U.S.),VIR,2010,31.22,Americas,39905.1284180994,NA
Virgin Islands (U.S.),VIR,2011,35.6,Americas,38997.1373164651,NA
Virgin Islands (U.S.),VIR,2012,40.5479,Americas,37795.3192590675,NA
Virgin Islands (U.S.),VIR,2013,45.3,Americas,34597.9766940328,NA
Virgin Islands (U.S.),VIR,2014,50.07,Americas,33045.3643795999,NA
Virgin Islands (U.S.),VIR,2015,54.8391,Americas,34007.3529411765,NA
Virgin Islands (U.S.),VIR,2016,59.6083,Americas,35324.9748874586,NA
Virgin Islands (U.S.),VIR,2017,64.3775,Americas,35365.0693039774,NA
Viet Nam,VNM,2000,0.254248,Asia,404.029784055118,1.02206
Viet Nam,VNM,2001,1.26565,Asia,419.205677580901,1.60473
Viet Nam,VNM,2002,1.855,Asia,445.132861817313,2.41505
Viet Nam,VNM,2003,3.78028,Asia,497.117089249256,3.44629
Viet Nam,VNM,2004,7.64241,Asia,565.452284586212,6.17384
Viet Nam,VNM,2005,12.7399,Asia,710.746759994861,11.8306
Viet Nam,VNM,2006,17.2546,Asia,807.756645117054,22.9925
Viet Nam,VNM,2007,20.7554,Asia,925.640338348717,53.835
Viet Nam,VNM,2008,23.92,Asia,1163.83195772873,87.9033
Viet Nam,VNM,2009,26.55,Asia,1226.16976051536,113.606
Viet Nam,VNM,2010,30.65,Asia,1683.16182443979,127.574
Viet Nam,VNM,2011,35.07,Asia,1950.92504174913,143.914
Viet Nam,VNM,2012,36.8,Asia,2185.11767654291,147.104
Viet Nam,VNM,2013,38.5,Asia,2359.51736472828,136.614
Viet Nam,VNM,2014,41,Asia,2546.38464459903,148.504
Viet Nam,VNM,2015,45,Asia,2577.56885340113,129.627
Viet Nam,VNM,2016,53,Asia,2735.0604380416,128.298
Viet Nam,VNM,2017,58.14,Asia,2956.10992127753,126.098
Viet Nam,VNM,2018,69.8479,Asia,3222.31003125366,146.138
Viet Nam,VNM,2019,68.6616,Asia,3440.90025375434,140.193
Viet Nam,VNM,2020,70.3,Asia,3534.03953482647,141.656
Viet Nam,VNM,2021,74.21,Asia,3704.1935590038,136.806
Viet Nam,VNM,2022,78.59,Asia,4147.69777213621,137.852
Vanuatu,VUT,2000,2.10834,Oceania,1460.23817692229,0.195941
Vanuatu,VUT,2001,2.83057,Oceania,1350.18338238522,0.183216
Vanuatu,VUT,2002,3.51004,Oceania,1340.71537528287,2.50175
Vanuatu,VUT,2003,3.9033,Oceania,1566.51396790858,3.88551
Vanuatu,VUT,2004,4.7466,Oceania,1774.31867585894,5.10619
Vanuatu,VUT,2005,5.08233,Oceania,1873.99142640619,6.02202
Vanuatu,VUT,2006,5.85059,Oceania,2034.79289624351,6.94692
Vanuatu,VUT,2007,6.8,Oceania,2333.70506748914,11.75
Vanuatu,VUT,2008,7.26912,Oceania,2603.60883136724,15.8663
Vanuatu,VUT,2009,7.5,Oceania,2546.38324565986,56.5812
Vanuatu,VUT,2010,8,Oceania,2815.18828985779,71.3269
Vanuatu,VUT,2011,9.2,Oceania,3163.1861645138,56.2508
Vanuatu,VUT,2012,10.598,Oceania,3004.78416664293,58.6959
Vanuatu,VUT,2013,11.3,Oceania,2979.79608084399,50.0012
Vanuatu,VUT,2014,18.8,Oceania,2973.09026493408,59.9643
Vanuatu,VUT,2015,22.3514,Oceania,2854.89412272653,65.6961
Vanuatu,VUT,2016,24,Oceania,2956.12644801489,80.3431
Vanuatu,VUT,2017,30.8,Oceania,3159.86055790126,81.8708
Vanuatu,VUT,2018,33.989,Oceania,3206.65748718811,88.1403
Vanuatu,VUT,2019,37.5081,Oceania,3207.44650452083,90.8331
Vanuatu,VUT,2020,41.3916,Oceania,3042.98711598286,82.391
Vanuatu,VUT,2021,45.6772,Oceania,3107.20312858002,81.6914
Vanuatu,VUT,2022,45.6747,Oceania,3370.21191956953,81.6203
Samoa,WSM,2000,0.566393,Oceania,1424.75240002471,1.37601
Samoa,WSM,2001,1.6899,Oceania,1453.87021324606,1.36488
Samoa,WSM,2002,2.24483,Oceania,1527.55790455937,1.46364
Samoa,WSM,2003,2.79963,Oceania,1798.12429714048,5.66251
Samoa,WSM,2004,3.07553,Oceania,2189.26042607992,8.59065
Samoa,WSM,2005,3.35259,Oceania,2550.04221437511,12.8357
Samoa,WSM,2006,4.46917,Oceania,2663.29135939532,24.2396
Samoa,WSM,2007,4.74998,Oceania,3038.61904093377,45.5622
Samoa,WSM,2008,5.03162,Oceania,3373.60639884263,NA
Samoa,WSM,2009,6,Oceania,3279.18269477295,NA
Samoa,WSM,2010,7,Oceania,3524.2479246203,46.6266
Samoa,WSM,2011,11,Oceania,3821.50678264479,NA
Samoa,WSM,2012,12.9225,Oceania,3934.60320799981,51.0448
Samoa,WSM,2013,15.3,Oceania,4023.5254013825,50.3798
Samoa,WSM,2014,21.2,Oceania,3982.68080202084,53.2521
Samoa,WSM,2015,25.407,Oceania,4084.36083819933,59.7263
Samoa,WSM,2016,31.7,Oceania,4147.07097674888,74.2058
Samoa,WSM,2017,39.4,Oceania,4307.59381964907,60.4683
Samoa,WSM,2018,43.1336,Oceania,4231.81409469194,48.1737
Samoa,WSM,2019,47.2211,Oceania,4351.94234943706,40.0419
Samoa,WSM,2020,51.6959,Oceania,4099.59660548583,32.5558
Samoa,WSM,2021,56.5947,Oceania,4021.55934894283,32.2763
Samoa,WSM,2022,57.3288,Oceania,4132.44717734444,62.3987
"Yemen, Rep.",YEM,2000,0.0825004,Asia,493.235182634814,0.163278
"Yemen, Rep.",YEM,2001,0.0908025,Asia,487.141257946318,0.73092
"Yemen, Rep.",YEM,2002,0.518796,Asia,513.241486570603,2.33581
"Yemen, Rep.",YEM,2003,0.604734,Asia,548.905883049973,3.14667
"Yemen, Rep.",YEM,2004,0.881223,Asia,627.632023395762,6.68019
"Yemen, Rep.",YEM,2005,1.0486,Asia,734.159908450927,9.99364
"Yemen, Rep.",YEM,2006,1.24782,Asia,809.713127624703,12.6482
"Yemen, Rep.",YEM,2007,5.01,Asia,890.305768114988,17.8838
"Yemen, Rep.",YEM,2008,6.89,Asia,1071.63583282105,25.6651
"Yemen, Rep.",YEM,2009,9.96,Asia,969.243509864478,32.0622
"Yemen, Rep.",YEM,2010,12.35,Asia,1155.20305261418,41.4325
"Yemen, Rep.",YEM,2011,14.905,Asia,1186.47500581215,42.3016
"Yemen, Rep.",YEM,2012,17.4465,Asia,1245.05068272078,48.8857
"Yemen, Rep.",YEM,2013,20,Asia,1378.75002954928,57.465
"Yemen, Rep.",YEM,2014,22.55,Asia,1430.16420964026,56.5732
"Yemen, Rep.",YEM,2015,24.0854,Asia,1362.1738120601,48.2101
"Yemen, Rep.",YEM,2016,24.5792,Asia,975.359417003225,51.179
"Yemen, Rep.",YEM,2017,26.7184,Asia,811.165970405745,46.4111
"Yemen, Rep.",YEM,2020,13.8152,Asia,NA,42.0038
South Africa,ZAF,2000,5.34856,Africa,3217.84693448467,17.6825
South Africa,ZAF,2001,6.34662,Africa,2847.15191945908,22.6776
South Africa,ZAF,2002,6.71032,Africa,2688.23676032806,28.534300000000002
South Africa,ZAF,2003,7.00769,Africa,4062.21755993786,34.7626
South Africa,ZAF,2004,8.42512,Africa,5221.46333731721,42.536
South Africa,ZAF,2005,7.48854,Africa,5836.87663325127,68.6198
South Africa,ZAF,2006,7.60714,Africa,6077.38293388876,79.3267
South Africa,ZAF,2007,8.06538,Africa,6591.85535960564,83.715
South Africa,ZAF,2008,8.43,Africa,6184.75474328399,88.0375
South Africa,ZAF,2009,10,Africa,6374.70560042992,89.7687
South Africa,ZAF,2010,24,Africa,7973.47195771517,96.2325
South Africa,ZAF,2011,33.97,Africa,8646.05571071635,120.766
South Africa,ZAF,2012,41,Africa,8076.97678479741,127.168
South Africa,ZAF,2013,46.5,Africa,7331.65467384919,140.576
South Africa,ZAF,2014,49,Africa,6856.73137092522,142.604
South Africa,ZAF,2015,51.9191,Africa,6112.27382485974,155.138
South Africa,ZAF,2016,54,Africa,5651.20585165749,143.929
South Africa,ZAF,2017,56.1674,Africa,6618.33508255701,153.548
South Africa,ZAF,2018,62.4,Africa,6914.1780318076,157.692
South Africa,ZAF,2019,69.6969,Africa,6533.71121032856,162.739
South Africa,ZAF,2020,72.1128,Africa,5580.60383075189,158.447
South Africa,ZAF,2021,74.9686,Africa,6828.75624590017,163.128
South Africa,ZAF,2022,75.4556,Africa,6534.24867783397,160.729
Zambia,ZMB,2000,0.191072,Africa,359.429500988221,0.98679
Zambia,ZMB,2001,0.23313,Africa,396.548952993504,1.17383
Zambia,ZMB,2002,0.477751,Africa,393.864625518616,1.30628
Zambia,ZMB,2003,0.980483,Africa,446.290104839041,2.19418
Zambia,ZMB,2004,1.1,Africa,548.685974566277,4.09548
Zambia,ZMB,2005,1.3,Africa,710.982068171696,8.10286
Zambia,ZMB,2006,1.6,Africa,1051.71714895686,13.713
Zambia,ZMB,2007,1.9,Africa,1118.73162626953,21.0029
Zambia,ZMB,2008,2.2,Africa,1375.50211006997,27.1785
Zambia,ZMB,2009,2.5,Africa,1136.24168316848,32.6653
Zambia,ZMB,2010,3,Africa,1451.10616017155,39.0029
Zambia,ZMB,2011,3.5,Africa,1624.86817763443,56.5499
Zambia,ZMB,2012,4.1,Africa,1710.05061343728,70.5709
Zambia,ZMB,2013,4.8,Africa,1820.71854827391,67.5096
Zambia,ZMB,2014,6.5,Africa,1707.48573136694,63.6343
Zambia,ZMB,2015,8.8,Africa,1295.87788680068,70.4778
Zambia,ZMB,2016,10.3,Africa,1239.08527877713,71.0461
Zambia,ZMB,2017,12.2,Africa,1483.46577328065,77.05
Zambia,ZMB,2018,14.3,Africa,1463.89997855593,86.0723
Zambia,ZMB,2019,18.7,Africa,1258.98619844462,93.0148
Zambia,ZMB,2020,24.5,Africa,951.644316655957,100.235
Zambia,ZMB,2021,32.5,Africa,1127.16077872857,103.283
Zambia,ZMB,2022,15,Africa,1447.12310138035,98.4373
Zimbabwe,ZWE,2000,0.401434,Africa,562.833757496076,2.2405
Zimbabwe,ZWE,2001,0.799846,Africa,566.388746448872,2.62282
Zimbabwe,ZWE,2002,1.1,Africa,524.936478570323,2.80269
Zimbabwe,ZWE,2003,1.8,Africa,468.471932927213,2.97287
Zimbabwe,ZWE,2004,2.1,Africa,469.719298949304,3.4429
Zimbabwe,ZWE,2005,2.4,Africa,461.271387547912,5.18375
Zimbabwe,ZWE,2006,2.4,Africa,431.034994414964,6.71982
Zimbabwe,ZWE,2007,3,Africa,413.521244592925,9.57239
Zimbabwe,ZWE,2008,3.5,Africa,340.917447588572,12.7687
Zimbabwe,ZWE,2009,4,Africa,735.821693871697,30.3665
Zimbabwe,ZWE,2010,6.4,Africa,902.010759067388,57.6496
Zimbabwe,ZWE,2011,8.4,Africa,1037.77565157218,67.6698
Zimbabwe,ZWE,2012,12,Africa,1239.22709745709,91.287
Zimbabwe,ZWE,2013,15.5,Africa,1362.99498323368,97.2838
Zimbabwe,ZWE,2014,16.3647,Africa,1372.91526173161,83.0461
Zimbabwe,ZWE,2015,22.7428,Africa,1387.12632595026,88.5992
Zimbabwe,ZWE,2016,23.12,Africa,1408.13945253431,88.21
Zimbabwe,ZWE,2017,24.4,Africa,3445.44941020134,95.1367
Zimbabwe,ZWE,2018,25,Africa,2270.89531874302,85.8627
Zimbabwe,ZWE,2019,26.5883,Africa,2184.32923855469,86.4094
Zimbabwe,ZWE,2020,29.2986,Africa,2059.67445384499,84.9604
Zimbabwe,ZWE,2021,37.0967,Africa,2613.60542083552,90.2538
Zimbabwe,ZWE,2022,37.8861,Africa,2536.40050223076,88.9958
